id;divipola_id;nombre;departamento_id
677e3c08-3f66-40d7-ac9e-08c93292e265;05001;Medellín;afdb15f0-6eba-4e49-92fb-9c3721b94f8f
cb75e560-3ba9-42b2-afa5-143806d68a4b;05002;Abejorral;afdb15f0-6eba-4e49-92fb-9c3721b94f8f
7099b919-8c3c-4cef-be23-bc064abda322;05004;Abriaquí;afdb15f0-6eba-4e49-92fb-9c3721b94f8f
a23d18ff-6e7d-49e2-a3b0-fb916e25402f;05021;Alejandría;afdb15f0-6eba-4e49-92fb-9c3721b94f8f
5c0e74a7-a65c-4f7a-b402-b2be361f21d7;05030;Amagá;afdb15f0-6eba-4e49-92fb-9c3721b94f8f
8929b9b2-0691-4390-b713-505dbdadf1ee;05031;Amalfi;afdb15f0-6eba-4e49-92fb-9c3721b94f8f
73d85b27-2fd0-41cb-abf5-d97c9e47d075;05034;Andes;afdb15f0-6eba-4e49-92fb-9c3721b94f8f
352082e4-80c8-4b39-a7ce-d3b564c7d8c5;05036;Angelópolis;afdb15f0-6eba-4e49-92fb-9c3721b94f8f
97646eeb-3d6a-4191-9737-a0ebdcb5b6b0;05038;Angostura;afdb15f0-6eba-4e49-92fb-9c3721b94f8f
b27da4d7-8057-400c-8b0e-5eed7d4d5f94;05040;Anorí;afdb15f0-6eba-4e49-92fb-9c3721b94f8f
b056ad8b-f867-4b23-863d-18edde19e4ed;05042;Santa Fé De Antioquia;afdb15f0-6eba-4e49-92fb-9c3721b94f8f
fd0ec3be-3022-4e1e-8249-fa4051e2d01f;05044;Anzá;afdb15f0-6eba-4e49-92fb-9c3721b94f8f
1215664a-ab41-47a0-9820-5f729815735a;05045;Apartadó;afdb15f0-6eba-4e49-92fb-9c3721b94f8f
0044f8b2-a900-4bd6-9fc4-8b86ce4697e3;05051;Arboletes;afdb15f0-6eba-4e49-92fb-9c3721b94f8f
050acfe2-db93-4399-b3a0-14908985cfd7;05055;Argelia;afdb15f0-6eba-4e49-92fb-9c3721b94f8f
74222fdf-c729-4992-a63d-9e52577d8c70;05059;Armenia;afdb15f0-6eba-4e49-92fb-9c3721b94f8f
dfce0994-52d4-48f1-9c41-28548ee67a82;05079;Barbosa;afdb15f0-6eba-4e49-92fb-9c3721b94f8f
bbca3aa6-d701-46ce-84e9-e477c9a42e48;05086;Belmira;afdb15f0-6eba-4e49-92fb-9c3721b94f8f
01dd42d6-43a0-4618-95df-39200f797867;05088;Bello;afdb15f0-6eba-4e49-92fb-9c3721b94f8f
22ed5bc4-d7f3-4444-96a5-af110d631b64;05091;Betania;afdb15f0-6eba-4e49-92fb-9c3721b94f8f
58555aca-28c5-4261-9888-60c09716ce4c;05093;Betulia;afdb15f0-6eba-4e49-92fb-9c3721b94f8f
14c32c7a-1332-4c8a-8487-67f5e73bbf2b;05101;Ciudad Bolívar;afdb15f0-6eba-4e49-92fb-9c3721b94f8f
7665f568-831a-4e34-93f1-3ee2e572ded6;05107;Briceño;afdb15f0-6eba-4e49-92fb-9c3721b94f8f
9fac4495-a825-4d58-b553-4dae4893e354;05113;Buriticá;afdb15f0-6eba-4e49-92fb-9c3721b94f8f
c6bbef08-214e-424c-82a0-d9787c0c0b7d;05120;Cáceres;afdb15f0-6eba-4e49-92fb-9c3721b94f8f
556ac0ee-4ae8-4824-a14e-af49aa9890e7;05125;Caicedo;afdb15f0-6eba-4e49-92fb-9c3721b94f8f
65034741-c212-440c-bd6a-c8a985646452;05129;Caldas;afdb15f0-6eba-4e49-92fb-9c3721b94f8f
b9b35349-8b00-476a-8231-f92f8803b5ed;05134;Campamento;afdb15f0-6eba-4e49-92fb-9c3721b94f8f
c2123cf4-3daa-4144-83cf-82dc80fafff0;05138;Cañasgordas;afdb15f0-6eba-4e49-92fb-9c3721b94f8f
bffd3917-2e61-475b-a7bc-6d8f22343ddf;05142;Caracolí;afdb15f0-6eba-4e49-92fb-9c3721b94f8f
565f341c-4339-4f54-b294-bb41a13a0aba;05145;Caramanta;afdb15f0-6eba-4e49-92fb-9c3721b94f8f
dc2dbff5-12ff-440c-8935-f5c4963bc466;05147;Carepa;afdb15f0-6eba-4e49-92fb-9c3721b94f8f
f1c0683a-bd0f-45d7-a5c3-923d02a2dbf3;05148;El Carmen De Viboral;afdb15f0-6eba-4e49-92fb-9c3721b94f8f
aae4f570-3422-4885-b661-23620c69ba54;05150;Carolina;afdb15f0-6eba-4e49-92fb-9c3721b94f8f
ec6c4bfe-9f91-4f66-a6af-77bebc88b9ea;05154;Caucasia;afdb15f0-6eba-4e49-92fb-9c3721b94f8f
e52111a1-a88f-426f-9801-197248f414db;05172;Chigorodó;afdb15f0-6eba-4e49-92fb-9c3721b94f8f
b9102556-9a0b-49f9-868a-059d49c94249;05190;Cisneros;afdb15f0-6eba-4e49-92fb-9c3721b94f8f
7722fb1a-b6b1-44fa-b80f-823debf3cf82;05197;Cocorná;afdb15f0-6eba-4e49-92fb-9c3721b94f8f
438e02dc-de25-43c7-89e9-cfb5d738e2ce;05206;Concepción;afdb15f0-6eba-4e49-92fb-9c3721b94f8f
5f935e48-b5ce-4735-9576-097760856424;05209;Concordia;afdb15f0-6eba-4e49-92fb-9c3721b94f8f
9f7c6248-96e2-4e08-8434-10a7b66161c3;05212;Copacabana;afdb15f0-6eba-4e49-92fb-9c3721b94f8f
52d5bd72-8e06-44e7-a1b9-cade4e0e7faf;05234;Dabeiba;afdb15f0-6eba-4e49-92fb-9c3721b94f8f
9eb8c5af-3a6f-44f3-ae18-659bf541dee3;05237;Donmatías;afdb15f0-6eba-4e49-92fb-9c3721b94f8f
61029edf-b0fc-47cd-bb12-6950e2f045ed;05240;Ebéjico;afdb15f0-6eba-4e49-92fb-9c3721b94f8f
25b80bac-3b63-43be-94d2-efb066e407a9;05250;El Bagre;afdb15f0-6eba-4e49-92fb-9c3721b94f8f
48c0d840-3ec2-467d-a2d6-951b4a717ed2;05264;Entrerríos;afdb15f0-6eba-4e49-92fb-9c3721b94f8f
b3ea4895-269f-4f41-b35a-2a7dc2a6c751;05266;Envigado;afdb15f0-6eba-4e49-92fb-9c3721b94f8f
f51c654a-8652-4617-a305-c48c7c80a2d6;05282;Fredonia;afdb15f0-6eba-4e49-92fb-9c3721b94f8f
6e91a090-ee84-4ffc-8764-6baccea46343;05284;Frontino;afdb15f0-6eba-4e49-92fb-9c3721b94f8f
87ba8aad-9c24-46d2-9f49-c66f920e08df;05306;Giraldo;afdb15f0-6eba-4e49-92fb-9c3721b94f8f
ee364582-7a56-422f-b794-f233204fcabd;05308;Girardota;afdb15f0-6eba-4e49-92fb-9c3721b94f8f
b6245bd2-fbb9-4e28-b667-b3997ddcb346;05310;Gómez Plata;afdb15f0-6eba-4e49-92fb-9c3721b94f8f
2abf73d0-5c0c-4aa5-92de-5560ac093676;05313;Granada;afdb15f0-6eba-4e49-92fb-9c3721b94f8f
93e33e77-701b-4462-a719-362b6d566045;05315;Guadalupe;afdb15f0-6eba-4e49-92fb-9c3721b94f8f
df5eafdb-8d6c-42a0-949f-4369d2cfb28c;05318;Guarne;afdb15f0-6eba-4e49-92fb-9c3721b94f8f
14e0a0bd-5bc5-4460-bbfb-4afedbd9e312;05321;Guatapé;afdb15f0-6eba-4e49-92fb-9c3721b94f8f
0dffa76b-12bf-4c14-8419-f97e19c18b31;05347;Heliconia;afdb15f0-6eba-4e49-92fb-9c3721b94f8f
48e78e56-a718-4bd7-bcbb-31fbd8bf3b3c;05353;Hispania;afdb15f0-6eba-4e49-92fb-9c3721b94f8f
c544dc60-7329-4510-99dd-2554ef72a1c3;05360;Itagüí;afdb15f0-6eba-4e49-92fb-9c3721b94f8f
3b900900-e165-4dea-9a0d-7f15def1d663;05361;Ituango;afdb15f0-6eba-4e49-92fb-9c3721b94f8f
ca71534a-ca58-4644-a9e4-80f4f37c5068;05364;Jardín;afdb15f0-6eba-4e49-92fb-9c3721b94f8f
7bf88700-1272-45a5-95b7-76664b60c213;05368;Jericó;afdb15f0-6eba-4e49-92fb-9c3721b94f8f
e7afea69-a9fb-4297-b501-f4b726283de9;05376;La Ceja;afdb15f0-6eba-4e49-92fb-9c3721b94f8f
d4aa6a4e-16fd-47f6-bb6f-f89b9c4693c0;05380;La Estrella;afdb15f0-6eba-4e49-92fb-9c3721b94f8f
f17d92a4-ab47-4fbc-b6b7-33d32984bea3;05390;La Pintada;afdb15f0-6eba-4e49-92fb-9c3721b94f8f
7d605daf-5ce6-47a3-b371-326b2b15aec7;05400;La Unión;afdb15f0-6eba-4e49-92fb-9c3721b94f8f
fb9cfde8-d15d-490b-ad2a-d436ec690f68;05411;Liborina;afdb15f0-6eba-4e49-92fb-9c3721b94f8f
63a693d3-8a95-4715-933f-a9d8ebdd0989;05425;Maceo;afdb15f0-6eba-4e49-92fb-9c3721b94f8f
01195334-918c-4133-943e-9bf911eaef0c;05440;Marinilla;afdb15f0-6eba-4e49-92fb-9c3721b94f8f
cb5d7ebb-8c9a-499d-86e4-71df85d1caf0;05467;Montebello;afdb15f0-6eba-4e49-92fb-9c3721b94f8f
6f1567b4-cb0d-4989-b3e1-52b53d3b7f64;05475;Murindó;afdb15f0-6eba-4e49-92fb-9c3721b94f8f
9f56408b-5468-4f6f-9649-ea5bb9eb6e51;05480;Mutatá;afdb15f0-6eba-4e49-92fb-9c3721b94f8f
fb5d0e4d-6d99-4749-8145-193036b8f4fd;05483;Nariño;afdb15f0-6eba-4e49-92fb-9c3721b94f8f
bf843ae2-d52d-43f3-85af-e72681a29045;05490;Necoclí;afdb15f0-6eba-4e49-92fb-9c3721b94f8f
4770ba42-a41f-49d2-88d1-014122f70bd0;05495;Nechí;afdb15f0-6eba-4e49-92fb-9c3721b94f8f
91b6b66b-c9c4-4cd8-85ca-cbf193bcdbfd;05501;Olaya;afdb15f0-6eba-4e49-92fb-9c3721b94f8f
603527d5-73d4-409f-8aa8-cc9b10e13570;05541;Peñol;afdb15f0-6eba-4e49-92fb-9c3721b94f8f
523b051d-f84f-4554-b049-b8ad115e467a;05543;Peque;afdb15f0-6eba-4e49-92fb-9c3721b94f8f
2fe9cf2a-5219-42fd-b0d3-3d7f1b357540;05576;Pueblorrico;afdb15f0-6eba-4e49-92fb-9c3721b94f8f
ca9121f6-7637-4362-aa58-b5d691efdf53;05579;Puerto Berrío;afdb15f0-6eba-4e49-92fb-9c3721b94f8f
86ecc32a-bfaa-4d3c-b2aa-628a9935916f;05585;Puerto Nare;afdb15f0-6eba-4e49-92fb-9c3721b94f8f
3d194732-25ff-4e30-aa84-b3f8b76f9e69;05591;Puerto Triunfo;afdb15f0-6eba-4e49-92fb-9c3721b94f8f
ff1918a8-705a-4085-aebf-d56ffda69ac8;05604;Remedios;afdb15f0-6eba-4e49-92fb-9c3721b94f8f
67e40d8a-637e-48fa-bf3b-ef3e8c817e7a;05607;Retiro;afdb15f0-6eba-4e49-92fb-9c3721b94f8f
0c5be866-a355-40b3-b5ce-1f3bc32e4d22;05615;Rionegro;afdb15f0-6eba-4e49-92fb-9c3721b94f8f
251499e3-b832-403b-803b-a26ebc1f4470;05628;Sabanalarga;afdb15f0-6eba-4e49-92fb-9c3721b94f8f
3dcf21cd-8b37-44eb-be67-617a0518010c;05631;Sabaneta;afdb15f0-6eba-4e49-92fb-9c3721b94f8f
60c0a0fb-86da-47cf-ad42-b18c32cc2d12;05642;Salgar;afdb15f0-6eba-4e49-92fb-9c3721b94f8f
a6060146-3bd7-42c9-b798-ffa056649099;05647;San Andrés De Cuerquía;afdb15f0-6eba-4e49-92fb-9c3721b94f8f
66b0ff52-4d90-4e3a-bc51-3ed85ff8799f;05649;San Carlos;afdb15f0-6eba-4e49-92fb-9c3721b94f8f
2af87c09-781f-4344-a5e2-e794e99b4244;05652;San Francisco;afdb15f0-6eba-4e49-92fb-9c3721b94f8f
062edf8d-b8b0-48aa-a969-8e520a785bdc;05656;San Jerónimo;afdb15f0-6eba-4e49-92fb-9c3721b94f8f
5a9fd1ec-f93b-4fbc-9d5c-969cfdb16022;05658;San José De La Montaña;afdb15f0-6eba-4e49-92fb-9c3721b94f8f
c3a04fd5-0e30-4f27-b3db-998a7a112013;05659;San Juan De Urabá;afdb15f0-6eba-4e49-92fb-9c3721b94f8f
bb1f6ad4-109c-475e-ad9b-b0373f1869da;05660;San Luis;afdb15f0-6eba-4e49-92fb-9c3721b94f8f
ce7b5dbb-cb83-4c5b-8912-c07e85aabd5c;05664;San Pedro De Los Milagros;afdb15f0-6eba-4e49-92fb-9c3721b94f8f
5bcf1b5f-014c-44a6-baa6-4d3badefba7c;05665;San Pedro De Urabá;afdb15f0-6eba-4e49-92fb-9c3721b94f8f
e1380681-ea16-439b-b94c-97b71e510405;05667;San Rafael;afdb15f0-6eba-4e49-92fb-9c3721b94f8f
125307c5-bae7-4180-89de-30e59bb4dc59;05670;San Roque;afdb15f0-6eba-4e49-92fb-9c3721b94f8f
e602a190-46f4-400f-89fe-19ed7098a873;05674;San Vicente Ferrer;afdb15f0-6eba-4e49-92fb-9c3721b94f8f
ad460b2f-976f-41bc-8493-e9365f32f072;05679;Santa Bárbara;afdb15f0-6eba-4e49-92fb-9c3721b94f8f
ae8ae505-2627-438e-bd6c-b51c3f706a84;05686;Santa Rosa De Osos;afdb15f0-6eba-4e49-92fb-9c3721b94f8f
a95552d2-aebc-4544-a0d2-5ca4de4c59c2;05690;Santo Domingo;afdb15f0-6eba-4e49-92fb-9c3721b94f8f
0556bbe8-72f7-4636-81ce-0a6a9994a0d8;05697;El Santuario;afdb15f0-6eba-4e49-92fb-9c3721b94f8f
55ee54dd-15df-4196-97e7-43192c35947c;05736;Segovia;afdb15f0-6eba-4e49-92fb-9c3721b94f8f
7643912c-202c-4f76-8b72-92a2710cf1f3;05756;Sonsón;afdb15f0-6eba-4e49-92fb-9c3721b94f8f
b0156b4e-0385-46d8-b1a1-66afd3088356;05761;Sopetrán;afdb15f0-6eba-4e49-92fb-9c3721b94f8f
e747c449-91df-41f9-a449-f061df251e8c;05789;Támesis;afdb15f0-6eba-4e49-92fb-9c3721b94f8f
419aae4f-75d4-4928-ae50-6af55e515ca5;05790;Tarazá;afdb15f0-6eba-4e49-92fb-9c3721b94f8f
c425c756-00ce-4e7d-aa92-968e541673da;05792;Tarso;afdb15f0-6eba-4e49-92fb-9c3721b94f8f
4728c8af-85bd-4f3f-ace0-f350c6fdf073;05809;Titiribí;afdb15f0-6eba-4e49-92fb-9c3721b94f8f
2841865f-ad8b-4f3c-8ca9-f82faa4af569;05819;Toledo;afdb15f0-6eba-4e49-92fb-9c3721b94f8f
5f054f2f-7836-4e4c-ad27-f2dfbfb351de;05837;Turbo;afdb15f0-6eba-4e49-92fb-9c3721b94f8f
b544c216-d7b1-4fea-9e16-71906437e2ac;05842;Uramita;afdb15f0-6eba-4e49-92fb-9c3721b94f8f
24d846a2-793e-4dff-9fdf-7d9b5a021989;05847;Urrao;afdb15f0-6eba-4e49-92fb-9c3721b94f8f
9cb3fabb-4043-4b2c-b52a-cea44d50351d;05854;Valdivia;afdb15f0-6eba-4e49-92fb-9c3721b94f8f
5fbeb981-b7fd-4f30-8c61-3a2ac841065b;05856;Valparaíso;afdb15f0-6eba-4e49-92fb-9c3721b94f8f
f46beca7-4cda-4060-af35-e711a1b89ac6;05858;Vegachí;afdb15f0-6eba-4e49-92fb-9c3721b94f8f
a14e6851-f417-4f84-a740-3a1780e9318c;05861;Venecia;afdb15f0-6eba-4e49-92fb-9c3721b94f8f
6fc68276-062b-4ed7-b32a-cbc9daf9b76f;05873;Vigía Del Fuerte;afdb15f0-6eba-4e49-92fb-9c3721b94f8f
71fd64aa-1f82-49d4-a86d-709b80b6c989;05885;Yalí;afdb15f0-6eba-4e49-92fb-9c3721b94f8f
b4dfdfde-8b0d-4f5d-a1d6-4f077fbb1921;05887;Yarumal;afdb15f0-6eba-4e49-92fb-9c3721b94f8f
1bacf6ed-0df5-4f66-a6d9-6a9fd54e90c8;05890;Yolombó;afdb15f0-6eba-4e49-92fb-9c3721b94f8f
3c4f6934-73e2-4473-b41c-1b76e3e27981;05893;Yondó;afdb15f0-6eba-4e49-92fb-9c3721b94f8f
c00fccc7-974d-4024-b7b4-c662f6700582;05895;Zaragoza;afdb15f0-6eba-4e49-92fb-9c3721b94f8f
86e3bb52-c6ca-4630-9635-e64b2198c991;08001;Barranquilla;1205920d-5f2a-426c-a6ee-1a64d20130b0
1d097ce9-8713-41d0-b851-0df4fc38451f;08078;Baranoa;1205920d-5f2a-426c-a6ee-1a64d20130b0
b80d01eb-7d60-4bb1-90fd-b441aae018b2;08137;Campo De La Cruz;1205920d-5f2a-426c-a6ee-1a64d20130b0
41a1c2f8-2809-4ba6-ad9e-4303c41c0ad5;08141;Candelaria;1205920d-5f2a-426c-a6ee-1a64d20130b0
c179da56-08cf-4851-8194-065da6f2ff4a;08296;Galapa;1205920d-5f2a-426c-a6ee-1a64d20130b0
530de10d-a793-4d44-be26-87d71391f830;08372;Juan De Acosta;1205920d-5f2a-426c-a6ee-1a64d20130b0
308b2911-35aa-44b9-958a-5dd7ff7f34c2;08421;Luruaco;1205920d-5f2a-426c-a6ee-1a64d20130b0
b480b34c-c49b-4082-b66f-46677b1b826a;08433;Malambo;1205920d-5f2a-426c-a6ee-1a64d20130b0
def3f88b-926b-4c6f-a2db-b05f6b130563;08436;Manatí;1205920d-5f2a-426c-a6ee-1a64d20130b0
da208235-dd04-4d94-bb74-0e65d69828cd;08520;Palmar De Varela;1205920d-5f2a-426c-a6ee-1a64d20130b0
b40385ba-f56f-4b5a-b963-c84e6b8e5137;08549;Piojó;1205920d-5f2a-426c-a6ee-1a64d20130b0
cb3da864-1bb2-4f88-b3bc-cffcc57173c9;08558;Polonuevo;1205920d-5f2a-426c-a6ee-1a64d20130b0
a5646661-4757-47b5-a246-ad2c6742399f;08560;Ponedera;1205920d-5f2a-426c-a6ee-1a64d20130b0
5b84af21-4dfd-49fd-a570-7faf1d4e9735;08573;Puerto Colombia;1205920d-5f2a-426c-a6ee-1a64d20130b0
955a0cbb-5a74-4e9d-856f-07f71d778b68;08606;Repelón;1205920d-5f2a-426c-a6ee-1a64d20130b0
050a2686-6ddf-4208-8880-69e83da27a15;08634;Sabanagrande;1205920d-5f2a-426c-a6ee-1a64d20130b0
f24af9c6-0340-4e2b-89a0-17c87480e9a0;08638;Sabanalarga;1205920d-5f2a-426c-a6ee-1a64d20130b0
3d525bf0-e463-4a53-a786-e003e5d2b660;08675;Santa Lucía;1205920d-5f2a-426c-a6ee-1a64d20130b0
cdeeecef-71b6-4008-b876-661e053bcd6e;08685;Santo Tomás;1205920d-5f2a-426c-a6ee-1a64d20130b0
cfbe848d-60ba-4b43-9c7c-30a5a29e7561;08758;Soledad;1205920d-5f2a-426c-a6ee-1a64d20130b0
a34cdcc6-881d-4c05-9422-ae4faecae7a0;08770;Suan;1205920d-5f2a-426c-a6ee-1a64d20130b0
a55b6b8f-9206-4109-9189-c00ee1fa7a45;08832;Tubará;1205920d-5f2a-426c-a6ee-1a64d20130b0
e37e766c-0864-45d2-832c-821508a99494;08849;Usiacurí;1205920d-5f2a-426c-a6ee-1a64d20130b0
a86c873a-9e83-45e0-9886-0c9b564ad6d0;11001;Bogotá. D.C.;e16028ce-2c3c-4ddd-88e8-7342931bb650
4cd875f4-0be5-4886-b5fb-4680d82773ca;13001;Cartagena De Indias;35c6840d-d6e5-4b6b-99d9-23da7ba74321
410d2af2-b2a3-47a6-85b8-4ddc618f6ca6;13006;Achí;35c6840d-d6e5-4b6b-99d9-23da7ba74321
8a6694f0-9533-4833-b56e-30bbaa136571;13030;Altos Del Rosario;35c6840d-d6e5-4b6b-99d9-23da7ba74321
830991e7-4454-41bb-be16-e070fe26b6e3;13042;Arenal;35c6840d-d6e5-4b6b-99d9-23da7ba74321
231cd9d1-c362-4986-965e-dd4161d74a71;13052;Arjona;35c6840d-d6e5-4b6b-99d9-23da7ba74321
770628ad-7b64-4b8c-bc7a-be7e465b1920;13062;Arroyohondo;35c6840d-d6e5-4b6b-99d9-23da7ba74321
56a7437a-d85e-407a-9987-694e31eb8403;13074;Barranco De Loba;35c6840d-d6e5-4b6b-99d9-23da7ba74321
98c5e6de-1a94-4553-a2df-9b968ce91121;13140;Calamar;35c6840d-d6e5-4b6b-99d9-23da7ba74321
ee87917f-094c-4fd8-85cf-e64788215cba;13160;Cantagallo;35c6840d-d6e5-4b6b-99d9-23da7ba74321
97a67a75-9f87-4266-9fae-580bc8732e81;13188;Cicuco;35c6840d-d6e5-4b6b-99d9-23da7ba74321
75faea95-5e87-4460-b1fb-a61d74535008;13212;Córdoba;35c6840d-d6e5-4b6b-99d9-23da7ba74321
28dc0b4a-85f3-4590-961c-3781d5c572cb;13222;Clemencia;35c6840d-d6e5-4b6b-99d9-23da7ba74321
308b3d81-9edb-4dc3-aae1-a25450ab7837;13244;El Carmen De Bolívar;35c6840d-d6e5-4b6b-99d9-23da7ba74321
562d44d7-ac53-4772-9c0a-950a02db7ced;13248;El Guamo;35c6840d-d6e5-4b6b-99d9-23da7ba74321
689fc2f5-342f-47cf-88c8-95c4cd6c71d1;13268;El Peñón;35c6840d-d6e5-4b6b-99d9-23da7ba74321
f018781e-7074-47d1-82ea-645cab2bb2a8;13300;Hatillo De Loba;35c6840d-d6e5-4b6b-99d9-23da7ba74321
7d42e12a-41c9-48b3-acf6-3370abac710c;13430;Magangué;35c6840d-d6e5-4b6b-99d9-23da7ba74321
918368a7-d3a2-4b6a-8c83-de0c567565f3;13433;Mahates;35c6840d-d6e5-4b6b-99d9-23da7ba74321
ebe18de7-8717-408e-aa76-14ae818d250e;13440;Margarita;35c6840d-d6e5-4b6b-99d9-23da7ba74321
6bfd0b51-e46a-4cbd-b2be-82efc7327a35;13442;María La Baja;35c6840d-d6e5-4b6b-99d9-23da7ba74321
d55e5395-e38f-4ca6-b257-eb829dbeb33d;13458;Montecristo;35c6840d-d6e5-4b6b-99d9-23da7ba74321
dea7fbc9-e7d4-4a5a-a36c-df5c9d63429a;13468;Santa Cruz De Mompox;35c6840d-d6e5-4b6b-99d9-23da7ba74321
080a487d-586d-4600-bba8-1e7f99242526;13473;Morales;35c6840d-d6e5-4b6b-99d9-23da7ba74321
cf75c767-5f35-477c-b403-b7f36d7a0ba0;13490;Norosí;35c6840d-d6e5-4b6b-99d9-23da7ba74321
6c7e58f9-a5b7-4308-9108-2a5ee1ecde2b;13549;Pinillos;35c6840d-d6e5-4b6b-99d9-23da7ba74321
aec5379e-b845-496e-a154-ad67437c2f3b;13580;Regidor;35c6840d-d6e5-4b6b-99d9-23da7ba74321
bc6ce501-1860-4d86-be09-0283e95efe79;13600;Río Viejo;35c6840d-d6e5-4b6b-99d9-23da7ba74321
754e5028-b682-402b-b776-22c5d1709555;13620;San Cristóbal;35c6840d-d6e5-4b6b-99d9-23da7ba74321
7bba513b-ad48-4818-ba32-e45be5fc4996;13647;San Estanislao;35c6840d-d6e5-4b6b-99d9-23da7ba74321
e9ec70b4-7d77-4ec9-aea3-f88298e97c7a;13650;San Fernando;35c6840d-d6e5-4b6b-99d9-23da7ba74321
0a65e6a0-f709-4d63-8fcd-a8115a659c25;13654;San Jacinto;35c6840d-d6e5-4b6b-99d9-23da7ba74321
507c13f3-c616-4b67-aed1-bd63a25e7c3c;13655;San Jacinto Del Cauca;35c6840d-d6e5-4b6b-99d9-23da7ba74321
ee1da44a-18c1-42c1-9787-cd63cec27b19;13657;San Juan Nepomuceno;35c6840d-d6e5-4b6b-99d9-23da7ba74321
4f1a922b-79b3-4930-8349-d683dcd3c64e;13667;San Martín De Loba;35c6840d-d6e5-4b6b-99d9-23da7ba74321
95bef081-9ad0-4d87-ba92-6b4e517279e5;13670;San Pablo;35c6840d-d6e5-4b6b-99d9-23da7ba74321
ab883dc5-533f-4d0c-a5ec-8f95b911fb3a;13673;Santa Catalina;35c6840d-d6e5-4b6b-99d9-23da7ba74321
8950cb78-40dd-43f8-b080-93bb392c75a9;13683;Santa Rosa;35c6840d-d6e5-4b6b-99d9-23da7ba74321
b8983693-3134-4d59-a873-f5803e11baab;13688;Santa Rosa Del Sur;35c6840d-d6e5-4b6b-99d9-23da7ba74321
e291b497-64ae-4ab7-a85f-ae63ad6e13bb;13744;Simití;35c6840d-d6e5-4b6b-99d9-23da7ba74321
47d1a2d3-7aff-4c6b-bad5-e27c7adc94e6;13760;Soplaviento;35c6840d-d6e5-4b6b-99d9-23da7ba74321
1c45a12a-9c0c-425a-ba8d-ec0e14e8ded9;13780;Talaigua Nuevo;35c6840d-d6e5-4b6b-99d9-23da7ba74321
a816f244-3046-494c-a846-f3bbc366aa2d;13810;Tiquisio;35c6840d-d6e5-4b6b-99d9-23da7ba74321
f6537864-9cb4-4e1a-a014-87323eee7a0b;13836;Turbaco;35c6840d-d6e5-4b6b-99d9-23da7ba74321
7e0a7f7f-4a53-43a8-9278-9e5b490921d1;13838;Turbaná;35c6840d-d6e5-4b6b-99d9-23da7ba74321
f0580b83-1ce7-4be8-b806-2b2deb5a648a;13873;Villanueva;35c6840d-d6e5-4b6b-99d9-23da7ba74321
39fd72a6-c7b2-4bca-ba08-845ab927c8e4;13894;Zambrano;35c6840d-d6e5-4b6b-99d9-23da7ba74321
0cacd96a-3a6c-43a1-903a-9001e3b2ce0f;15001;Tunja;8ae009cd-eaca-475a-8282-9741ae3017eb
3205a977-e055-4c88-afd3-90f7b123363a;15022;Almeida;8ae009cd-eaca-475a-8282-9741ae3017eb
8acbd2cf-1acc-4e3e-a3a3-0a50e90f72fe;15047;Aquitania;8ae009cd-eaca-475a-8282-9741ae3017eb
bebb30b1-6e74-41ef-a3a7-8a783776e677;15051;Arcabuco;8ae009cd-eaca-475a-8282-9741ae3017eb
19577485-c66f-4bd8-8d69-aa538ef42538;15087;Belén;8ae009cd-eaca-475a-8282-9741ae3017eb
4bf4d786-e520-4528-9c11-3c8633a40aaf;15090;Berbeo;8ae009cd-eaca-475a-8282-9741ae3017eb
7f7ff784-7d36-4298-bac8-1a4f64abb126;15092;Betéitiva;8ae009cd-eaca-475a-8282-9741ae3017eb
163f3c0b-f233-4103-8add-f8a194175546;15097;Boavita;8ae009cd-eaca-475a-8282-9741ae3017eb
5b1a9ade-7959-403e-adce-0d7b7555a315;15104;Boyacá;8ae009cd-eaca-475a-8282-9741ae3017eb
9f373fd0-487b-407f-8971-abd55d2ff841;15106;Briceño;8ae009cd-eaca-475a-8282-9741ae3017eb
2b3e9924-fb2b-4be4-b6d8-13ccf46cfea1;15109;Buenavista;8ae009cd-eaca-475a-8282-9741ae3017eb
9ce37604-39ab-4c2d-bd18-908d73e6c21b;15114;Busbanzá;8ae009cd-eaca-475a-8282-9741ae3017eb
dad58342-664e-4b61-b108-96eb5d50f7ed;15131;Caldas;8ae009cd-eaca-475a-8282-9741ae3017eb
d15e9177-6b1f-4a7b-a5b2-4cdcb3b134f9;15135;Campohermoso;8ae009cd-eaca-475a-8282-9741ae3017eb
69f31634-9e6e-4c9e-abe3-6d1a2832b085;15162;Cerinza;8ae009cd-eaca-475a-8282-9741ae3017eb
4eea4293-a63d-4444-b1b4-3fa47a8d7196;15172;Chinavita;8ae009cd-eaca-475a-8282-9741ae3017eb
82574e3a-ab54-48de-b4bb-a5cdd6fdda69;15176;Chiquinquirá;8ae009cd-eaca-475a-8282-9741ae3017eb
19715869-16a3-45b4-817f-3503ecfa67f6;15180;Chiscas;8ae009cd-eaca-475a-8282-9741ae3017eb
f7bd3cde-affc-41a3-b15f-290fbdbba9e8;15183;Chita;8ae009cd-eaca-475a-8282-9741ae3017eb
ac891039-6563-4df2-ac1d-a31e6bef8f17;15185;Chitaraque;8ae009cd-eaca-475a-8282-9741ae3017eb
315154e5-05e9-4df9-94c9-a0ca4b3387eb;15187;Chivatá;8ae009cd-eaca-475a-8282-9741ae3017eb
ba681f51-8a13-478c-8d4d-adc738bae276;15189;Ciénega;8ae009cd-eaca-475a-8282-9741ae3017eb
483af573-5b3c-4bfa-8e51-8a194dd70d93;15204;Cómbita;8ae009cd-eaca-475a-8282-9741ae3017eb
facfb499-b034-474b-aa23-ba60f6ea0243;15212;Coper;8ae009cd-eaca-475a-8282-9741ae3017eb
8bb1ceca-c7cb-434d-8930-d794bfde2551;15215;Corrales;8ae009cd-eaca-475a-8282-9741ae3017eb
0df9c69b-8a06-44ad-a9bf-5fca4f162b9d;15218;Covarachía;8ae009cd-eaca-475a-8282-9741ae3017eb
56a59d2a-1a12-4774-b3b3-7af6811f33e1;15223;Cubará;8ae009cd-eaca-475a-8282-9741ae3017eb
db73a512-56aa-4388-b2bd-87522827d7a8;19318;Guapi;2809cb32-e11b-4fa7-b6e7-3ca3d044773c
ac5e1a0a-f5b6-4e0d-81e5-f8513588be0b;15224;Cucaita;8ae009cd-eaca-475a-8282-9741ae3017eb
e50bb3e2-38f3-405d-b5ca-3b0820b0bf77;15226;Cuítiva;8ae009cd-eaca-475a-8282-9741ae3017eb
5df21afe-c310-40dc-bb90-9237794741f8;15232;Chíquiza;8ae009cd-eaca-475a-8282-9741ae3017eb
d15d34dd-be36-47b9-9b37-4c81efe35489;15236;Chivor;8ae009cd-eaca-475a-8282-9741ae3017eb
1569873f-7013-4d06-ac6c-27c9e3f8b553;15238;Duitama;8ae009cd-eaca-475a-8282-9741ae3017eb
9ccc2347-dd69-4285-8ea5-b7b5b8f7bd64;15244;El Cocuy;8ae009cd-eaca-475a-8282-9741ae3017eb
3701b095-a997-4826-80f2-e0917dcc3aae;15248;El Espino;8ae009cd-eaca-475a-8282-9741ae3017eb
c3aee836-d434-4e6f-a6f8-aa4175d7dc72;15272;Firavitoba;8ae009cd-eaca-475a-8282-9741ae3017eb
9c538e9e-cc0c-4537-981e-1e6f5a75df6e;15276;Floresta;8ae009cd-eaca-475a-8282-9741ae3017eb
c33f87b8-a8f6-47d6-8483-0346fb1e3342;15293;Gachantivá;8ae009cd-eaca-475a-8282-9741ae3017eb
13b9a427-23d6-40c0-8539-034d45c4df55;15296;Gámeza;8ae009cd-eaca-475a-8282-9741ae3017eb
756d66ff-8c0e-4a99-b757-c115f0df05b7;15299;Garagoa;8ae009cd-eaca-475a-8282-9741ae3017eb
63881e0a-5e7f-46b4-809b-72398dbe57b8;15317;Guacamayas;8ae009cd-eaca-475a-8282-9741ae3017eb
21079986-cc8c-4470-a1d4-f350c0f8a697;15322;Guateque;8ae009cd-eaca-475a-8282-9741ae3017eb
01000281-173f-4922-9a57-495f8733a585;15325;Guayatá;8ae009cd-eaca-475a-8282-9741ae3017eb
810a39a8-f9e9-42ab-bc24-5ce01c1c48bc;15332;Güicán De La Sierra;8ae009cd-eaca-475a-8282-9741ae3017eb
d0b3dd21-6e5b-42df-9f36-3a650f154d7c;15362;Iza;8ae009cd-eaca-475a-8282-9741ae3017eb
d1a7d9b3-f248-49d6-9cdc-2195ba1da42c;15367;Jenesano;8ae009cd-eaca-475a-8282-9741ae3017eb
23fc81e9-6bfc-4a04-b3fd-ce25f3dc0676;15368;Jericó;8ae009cd-eaca-475a-8282-9741ae3017eb
f239e317-2d65-4d80-bfe0-af8929a6fe1b;15377;Labranzagrande;8ae009cd-eaca-475a-8282-9741ae3017eb
2e2a6653-6f9f-45be-9bcf-6835b1784a8c;15380;La Capilla;8ae009cd-eaca-475a-8282-9741ae3017eb
43ccfc1d-0932-4a95-93b8-844c0bbdf6e3;15401;La Victoria;8ae009cd-eaca-475a-8282-9741ae3017eb
09e309e5-ab6b-43c6-b4c5-a9a00933a7b2;15403;La Uvita;8ae009cd-eaca-475a-8282-9741ae3017eb
d0e62b58-12cd-490e-b5f3-4986a81e5b90;15407;Villa De Leyva;8ae009cd-eaca-475a-8282-9741ae3017eb
1f6d34e3-0e71-44c7-bd2f-2fc6c5bc3ece;15425;Macanal;8ae009cd-eaca-475a-8282-9741ae3017eb
5be64baf-8140-404d-928f-6e6387bb917a;15442;Maripí;8ae009cd-eaca-475a-8282-9741ae3017eb
9d7da994-16cd-4b3e-a119-92b08dbc138f;15455;Miraflores;8ae009cd-eaca-475a-8282-9741ae3017eb
03cbf10a-1373-43d5-95e4-7d816f81f370;15464;Mongua;8ae009cd-eaca-475a-8282-9741ae3017eb
cf3e9ab3-6468-4985-bc54-a977c64adc7d;15466;Monguí;8ae009cd-eaca-475a-8282-9741ae3017eb
ceba1a21-19ea-47df-8dc2-4775695717e6;15469;Moniquirá;8ae009cd-eaca-475a-8282-9741ae3017eb
fd08d099-1168-4367-9fe6-df32b7c83ed9;15476;Motavita;8ae009cd-eaca-475a-8282-9741ae3017eb
6ff84b77-3c2d-446a-b6b4-522d6989a13c;15480;Muzo;8ae009cd-eaca-475a-8282-9741ae3017eb
57718aaf-1b25-4512-92c4-bff72009c124;15491;Nobsa;8ae009cd-eaca-475a-8282-9741ae3017eb
0a68c233-8f58-4807-895a-1a7fd0e57a52;15494;Nuevo Colón;8ae009cd-eaca-475a-8282-9741ae3017eb
864a35c0-0cee-49b8-a975-624167493ee2;15500;Oicatá;8ae009cd-eaca-475a-8282-9741ae3017eb
c8e8ae4f-87fb-45b5-92ca-3052bbbb0ec3;15507;Otanche;8ae009cd-eaca-475a-8282-9741ae3017eb
15ec57db-bec8-4d36-8cb2-e9d37b661274;15511;Pachavita;8ae009cd-eaca-475a-8282-9741ae3017eb
6321638b-a683-47fe-9176-7a05c0106969;15514;Páez;8ae009cd-eaca-475a-8282-9741ae3017eb
75b2a800-9ec6-4311-8580-143d260a7b26;15516;Paipa;8ae009cd-eaca-475a-8282-9741ae3017eb
d7ef754b-e433-4a53-bcd5-2d053bf8ba84;15518;Pajarito;8ae009cd-eaca-475a-8282-9741ae3017eb
6db1b7b6-d3d1-4338-998b-03173c45539c;15522;Panqueba;8ae009cd-eaca-475a-8282-9741ae3017eb
fe1bd724-1515-4d18-84d6-eac088bb8a5d;15531;Pauna;8ae009cd-eaca-475a-8282-9741ae3017eb
2d9ae8ab-4f9d-4918-9a86-f4875c879cbe;15533;Paya;8ae009cd-eaca-475a-8282-9741ae3017eb
2e50e55d-7777-486c-81e7-bfe5592c7050;15537;Paz De Río;8ae009cd-eaca-475a-8282-9741ae3017eb
d6912337-7472-4fd6-bf50-43b42d26c5c2;15542;Pesca;8ae009cd-eaca-475a-8282-9741ae3017eb
1a16cec1-1997-481f-946e-032886f70ac0;15550;Pisba;8ae009cd-eaca-475a-8282-9741ae3017eb
a15856ea-5b53-4ab7-914a-8aeb60d37626;15572;Puerto Boyacá;8ae009cd-eaca-475a-8282-9741ae3017eb
6d56052e-fe63-4c4c-8976-0f7f219f9a51;15580;Quípama;8ae009cd-eaca-475a-8282-9741ae3017eb
9bd31e7c-9c4a-40f9-8703-4d539497e846;15599;Ramiriquí;8ae009cd-eaca-475a-8282-9741ae3017eb
182cd777-73bc-4204-99b7-0ccb48d83937;15600;Ráquira;8ae009cd-eaca-475a-8282-9741ae3017eb
9c684410-91ca-41a9-9373-0536edb778fe;15621;Rondón;8ae009cd-eaca-475a-8282-9741ae3017eb
37bfb12b-e974-472f-b185-3f17c4b609d8;15632;Saboyá;8ae009cd-eaca-475a-8282-9741ae3017eb
580483a1-fe1e-45e0-99ce-7d9f2406ae6a;15638;Sáchica;8ae009cd-eaca-475a-8282-9741ae3017eb
d28c49a3-7203-4d4b-9644-2418577ee4cc;15646;Samacá;8ae009cd-eaca-475a-8282-9741ae3017eb
dc0636b5-41d2-4221-958e-31e71af7da63;15660;San Eduardo;8ae009cd-eaca-475a-8282-9741ae3017eb
6d691fe2-5840-419e-9a55-fd4e15cdea06;15664;San José De Pare;8ae009cd-eaca-475a-8282-9741ae3017eb
4a1642ae-f6ef-4ea0-b61b-67ab09e79885;15667;San Luis De Gaceno;8ae009cd-eaca-475a-8282-9741ae3017eb
1b0c2ed4-c745-4346-b648-5f631f139963;15673;San Mateo;8ae009cd-eaca-475a-8282-9741ae3017eb
8070d92b-c0f4-48fe-a367-d0dc474008e0;15676;San Miguel De Sema;8ae009cd-eaca-475a-8282-9741ae3017eb
3b48ef08-60a1-4ac6-a436-e788bd4e51ea;15681;San Pablo De Borbur;8ae009cd-eaca-475a-8282-9741ae3017eb
7d078359-d095-4aaa-b26c-cce98504582f;15686;Santana;8ae009cd-eaca-475a-8282-9741ae3017eb
3ca3863b-f51f-4eb9-ba73-3e7adeebbee3;15690;Santa María;8ae009cd-eaca-475a-8282-9741ae3017eb
49a16b43-5f6c-467f-b991-b0b73ce4e884;15693;Santa Rosa De Viterbo;8ae009cd-eaca-475a-8282-9741ae3017eb
66910381-5a42-45fe-b341-5b5917779664;15696;Santa Sofía;8ae009cd-eaca-475a-8282-9741ae3017eb
49b72a33-6851-4075-b6b0-b6a48708e2e8;15720;Sativanorte;8ae009cd-eaca-475a-8282-9741ae3017eb
48814a6a-faad-4695-940a-1feadee367e6;15723;Sativasur;8ae009cd-eaca-475a-8282-9741ae3017eb
e8d5b749-28ec-4f00-8276-0123ec52cc73;15740;Siachoque;8ae009cd-eaca-475a-8282-9741ae3017eb
ccbe76ce-7e99-4f18-83fa-9360dac93cae;15753;Soatá;8ae009cd-eaca-475a-8282-9741ae3017eb
c7383fdc-4822-4d87-aa43-5ae665adc1cc;15755;Socotá;8ae009cd-eaca-475a-8282-9741ae3017eb
26de91e1-185b-4ac2-9ae4-abc93def8140;15757;Socha;8ae009cd-eaca-475a-8282-9741ae3017eb
f2901a37-1ea9-4ed1-aec6-4621b425b4ac;15759;Sogamoso;8ae009cd-eaca-475a-8282-9741ae3017eb
a669a154-f466-4ac0-90c9-ef89d8f8d8e7;15761;Somondoco;8ae009cd-eaca-475a-8282-9741ae3017eb
4fb381c3-a033-4dad-b3fb-759c4955725f;15762;Sora;8ae009cd-eaca-475a-8282-9741ae3017eb
88918f63-631e-4076-8db8-18ab1357b0bf;20032;Astrea;8e13046e-2f96-4cd7-bad3-cb67361bd8e6
abffd10d-cf0c-4499-8f4c-d6e4fbd522ad;15763;Sotaquirá;8ae009cd-eaca-475a-8282-9741ae3017eb
48cc0059-da2c-4b3a-ba61-034df7a66cbb;15764;Soracá;8ae009cd-eaca-475a-8282-9741ae3017eb
50e71a78-039f-48e8-942e-21eedd3d4e26;15774;Susacón;8ae009cd-eaca-475a-8282-9741ae3017eb
f0f308e1-14dc-4470-8acc-5815b36874f2;15776;Sutamarchán;8ae009cd-eaca-475a-8282-9741ae3017eb
695baecf-6afd-44bf-9e3d-8d4fd2feff8b;15778;Sutatenza;8ae009cd-eaca-475a-8282-9741ae3017eb
8a46933f-f1a2-4c6f-b0d0-65f770bd301f;15790;Tasco;8ae009cd-eaca-475a-8282-9741ae3017eb
f8db98ea-0db8-4777-988a-0fe9265671dc;15798;Tenza;8ae009cd-eaca-475a-8282-9741ae3017eb
aed152cf-034a-4165-87c6-45d5f9e5a2ae;15804;Tibaná;8ae009cd-eaca-475a-8282-9741ae3017eb
f1d1d17e-031c-45f3-b80b-3e76273a3909;15806;Tibasosa;8ae009cd-eaca-475a-8282-9741ae3017eb
b19045f6-8add-4186-9104-e13f1b8fb33f;15808;Tinjacá;8ae009cd-eaca-475a-8282-9741ae3017eb
95288eb2-b6c9-43e3-b562-fb3734d9975f;15810;Tipacoque;8ae009cd-eaca-475a-8282-9741ae3017eb
c99c7b2f-853e-478c-a35e-1620890d2c1b;15814;Toca;8ae009cd-eaca-475a-8282-9741ae3017eb
873d5318-13c8-4b24-a6ba-5a00fb2ce88c;15816;Togüí;8ae009cd-eaca-475a-8282-9741ae3017eb
5bc0f19c-5a86-4058-b673-359992d494f4;15820;Tópaga;8ae009cd-eaca-475a-8282-9741ae3017eb
8706e4d1-2cb5-4c7d-8dc0-a6913550c389;15822;Tota;8ae009cd-eaca-475a-8282-9741ae3017eb
ba0765ab-f38c-4156-95f8-969880f2341a;15832;Tununguá;8ae009cd-eaca-475a-8282-9741ae3017eb
2b8c68d7-9c40-4526-9a7b-860d954e13dd;15835;Turmequé;8ae009cd-eaca-475a-8282-9741ae3017eb
4d7c7a96-fb0a-4d36-abb1-93b55716b8c9;15837;Tuta;8ae009cd-eaca-475a-8282-9741ae3017eb
0febef59-24f2-4270-a104-f2ef5bc2dc49;15839;Tutazá;8ae009cd-eaca-475a-8282-9741ae3017eb
d641d673-65a9-4222-8a1c-babe93715722;15842;Úmbita;8ae009cd-eaca-475a-8282-9741ae3017eb
79bec918-978c-4b46-812c-ff4087e9cb78;15861;Ventaquemada;8ae009cd-eaca-475a-8282-9741ae3017eb
3914dad1-aa9e-4767-b4ba-593cccca2a52;15879;Viracachá;8ae009cd-eaca-475a-8282-9741ae3017eb
5d6a1245-fea6-4f79-a085-c823473d6fb1;15897;Zetaquira;8ae009cd-eaca-475a-8282-9741ae3017eb
f9969b21-90c3-47c6-9adb-a0d9a7a87d6e;17001;Manizales;a4392468-724c-4eae-9c17-acf39ee21d2f
12d6b3cb-13de-4015-9738-a1abead9593a;17013;Aguadas;a4392468-724c-4eae-9c17-acf39ee21d2f
1cf850e1-8190-4998-a3a5-ec840bc0b744;17042;Anserma;a4392468-724c-4eae-9c17-acf39ee21d2f
fdbdd1d7-835f-4acf-b82e-87bd642a28ed;17050;Aranzazu;a4392468-724c-4eae-9c17-acf39ee21d2f
47afb250-864d-4da6-844a-2fc798f73d38;17088;Belalcázar;a4392468-724c-4eae-9c17-acf39ee21d2f
2b786478-c40b-4578-80f6-f543c0dd0a1e;17174;Chinchiná;a4392468-724c-4eae-9c17-acf39ee21d2f
b8c899c0-4435-4a04-97e7-14e5365292f8;17272;Filadelfia;a4392468-724c-4eae-9c17-acf39ee21d2f
04259d14-2c18-4ed4-9cb2-74b9b944d4a7;17380;La Dorada;a4392468-724c-4eae-9c17-acf39ee21d2f
3f7a2a70-e812-4251-9eef-762cd1d03910;17388;La Merced;a4392468-724c-4eae-9c17-acf39ee21d2f
01429a7f-f71a-4ad4-9aa4-b2f5d14cf53a;17433;Manzanares;a4392468-724c-4eae-9c17-acf39ee21d2f
ce95bf40-5f83-4381-8c8e-40e03d8a9f3a;17442;Marmato;a4392468-724c-4eae-9c17-acf39ee21d2f
269dfb16-4d28-408e-8d3a-af916c2e3c2e;17444;Marquetalia;a4392468-724c-4eae-9c17-acf39ee21d2f
b8e2ae4a-cf7a-4e2c-aeae-14a2184d1471;17446;Marulanda;a4392468-724c-4eae-9c17-acf39ee21d2f
7233d61f-1275-449a-856a-3660d44a7faa;17486;Neira;a4392468-724c-4eae-9c17-acf39ee21d2f
701ec1f3-acbd-4aa0-a8bc-a28b118cad1b;17495;Norcasia;a4392468-724c-4eae-9c17-acf39ee21d2f
f88055fc-06ee-4ccc-8b0d-0a8f353dd744;17513;Pácora;a4392468-724c-4eae-9c17-acf39ee21d2f
0968ae0a-bd48-44e8-a408-85d0c50a8381;17524;Palestina;a4392468-724c-4eae-9c17-acf39ee21d2f
344be36f-485f-43cb-be79-bb57ccfdba95;17541;Pensilvania;a4392468-724c-4eae-9c17-acf39ee21d2f
f4eec6d2-eab5-4a99-b92a-afca55030012;17614;Riosucio;a4392468-724c-4eae-9c17-acf39ee21d2f
fb63265a-d99e-4ede-b544-bc6eeb787229;17616;Risaralda;a4392468-724c-4eae-9c17-acf39ee21d2f
a904d764-1f48-4352-9b55-c427106843be;17653;Salamina;a4392468-724c-4eae-9c17-acf39ee21d2f
4287cd8a-fb68-4c90-81ff-0a141a77e752;17662;Samaná;a4392468-724c-4eae-9c17-acf39ee21d2f
2dc6f830-3c13-4cd4-87b6-ae357b1dff71;17665;San José;a4392468-724c-4eae-9c17-acf39ee21d2f
c8be414e-2cf6-43d4-a786-12ecb08f8ecd;17777;Supía;a4392468-724c-4eae-9c17-acf39ee21d2f
bf290d61-93ee-4268-a3c3-3815d0cdbdfb;17867;Victoria;a4392468-724c-4eae-9c17-acf39ee21d2f
0ff25f34-bba6-4aca-ae6e-60eb57138eb9;17873;Villamaría;a4392468-724c-4eae-9c17-acf39ee21d2f
3df703bd-8362-4923-aa1d-ff3a497b68d4;17877;Viterbo;a4392468-724c-4eae-9c17-acf39ee21d2f
0b761908-fc8e-46b0-970e-6037f8e61083;18001;Florencia;9673a855-fb5d-44b5-ba8e-53f9def10aff
7ee8ca7a-93c3-4dbe-9158-c06d8f2a4b70;18029;Albania;9673a855-fb5d-44b5-ba8e-53f9def10aff
4cda41a4-3bf6-49f9-b358-fe8ca6a6c1f9;18094;Belén De Los Andaquíes;9673a855-fb5d-44b5-ba8e-53f9def10aff
e670a8e6-9f93-4d78-8e16-d4a0bcda3d0f;18150;Cartagena Del Chairá;9673a855-fb5d-44b5-ba8e-53f9def10aff
6aa3caee-b089-4a20-ad46-cf9ee7e92019;18205;Curillo;9673a855-fb5d-44b5-ba8e-53f9def10aff
ad98c3d9-89bc-405d-bf9d-9f607656cdfb;18247;El Doncello;9673a855-fb5d-44b5-ba8e-53f9def10aff
86db7ecc-e599-4043-a14e-600d7acfcd53;18256;El Paujíl;9673a855-fb5d-44b5-ba8e-53f9def10aff
ddd1e31d-5fd9-492c-8e91-4039ace2e5d8;18410;La Montañita;9673a855-fb5d-44b5-ba8e-53f9def10aff
04ad8090-fbcf-4143-8bc6-56547829b0fc;18460;Milán;9673a855-fb5d-44b5-ba8e-53f9def10aff
2d85d06b-c8a2-4ba2-a84a-9fbd6ecb81c5;18479;Morelia;9673a855-fb5d-44b5-ba8e-53f9def10aff
7c13d2d4-91ad-4cfb-8b91-2d4be92ac228;18592;Puerto Rico;9673a855-fb5d-44b5-ba8e-53f9def10aff
a270eb39-7908-46e8-ba1a-ae9f7020d66f;18610;San José Del Fragua;9673a855-fb5d-44b5-ba8e-53f9def10aff
034f0cb7-e294-43a3-9a26-41f5c532217f;18753;San Vicente Del Caguán;9673a855-fb5d-44b5-ba8e-53f9def10aff
9893bb27-4ee4-491f-beab-e60655aeef4a;18756;Solano;9673a855-fb5d-44b5-ba8e-53f9def10aff
da80331c-1741-4a2c-923f-69b1ea639ba9;18785;Solita;9673a855-fb5d-44b5-ba8e-53f9def10aff
60116106-db3d-4132-a7cc-0d1b06fde740;18860;Valparaíso;9673a855-fb5d-44b5-ba8e-53f9def10aff
6b359546-f93b-4c37-8216-187bc61a0abf;19001;Popayán;2809cb32-e11b-4fa7-b6e7-3ca3d044773c
210ee2d6-83a8-4e1f-8fa9-6bac1cb5006d;19022;Almaguer;2809cb32-e11b-4fa7-b6e7-3ca3d044773c
af40359b-96f8-42aa-a850-e331c48bc2dd;19050;Argelia;2809cb32-e11b-4fa7-b6e7-3ca3d044773c
e90a1cce-eb09-4b47-a939-ee073af082f4;19075;Balboa;2809cb32-e11b-4fa7-b6e7-3ca3d044773c
068626f6-f6d8-442f-9e2c-2674e96fcf00;19100;Bolívar;2809cb32-e11b-4fa7-b6e7-3ca3d044773c
1ec12457-663e-40f0-a375-dfaf4b4b3a84;19110;Buenos Aires;2809cb32-e11b-4fa7-b6e7-3ca3d044773c
9473089e-a09f-463b-8bfd-d1f28c3dd077;19130;Cajibío;2809cb32-e11b-4fa7-b6e7-3ca3d044773c
791b0b44-a8da-4d12-8541-57ffaf667544;19137;Caldono;2809cb32-e11b-4fa7-b6e7-3ca3d044773c
033cb5ea-9e7a-4b69-94bb-3cb61545fc82;19142;Caloto;2809cb32-e11b-4fa7-b6e7-3ca3d044773c
26c817ad-82c2-4209-a273-6a8098b8af74;19212;Corinto;2809cb32-e11b-4fa7-b6e7-3ca3d044773c
b304f297-adea-4aa4-835f-c832c611e4cc;19256;El Tambo;2809cb32-e11b-4fa7-b6e7-3ca3d044773c
132a77d4-f0f9-4454-8769-3f540d4d59c8;19290;Florencia;2809cb32-e11b-4fa7-b6e7-3ca3d044773c
34c9bfc2-6b44-4356-9f8b-b14032436b9d;19300;Guachené;2809cb32-e11b-4fa7-b6e7-3ca3d044773c
48b2b558-f135-44fd-8558-94ca94a72db1;19355;Inzá;2809cb32-e11b-4fa7-b6e7-3ca3d044773c
88732f67-5b5b-481c-9e39-e32680de2762;19364;Jambaló;2809cb32-e11b-4fa7-b6e7-3ca3d044773c
361d34a2-d908-4150-a982-3445c8aa9bd9;19392;La Sierra;2809cb32-e11b-4fa7-b6e7-3ca3d044773c
9837d828-c135-4ee6-b25d-49b126e10abb;19397;La Vega;2809cb32-e11b-4fa7-b6e7-3ca3d044773c
7a0a239d-0c65-4410-87f3-aea835ed446d;19418;López De Micay;2809cb32-e11b-4fa7-b6e7-3ca3d044773c
c1ba6fba-0938-49d4-a81c-6802c3962a08;19450;Mercaderes;2809cb32-e11b-4fa7-b6e7-3ca3d044773c
23a99a22-b811-4700-b80c-995052604100;19455;Miranda;2809cb32-e11b-4fa7-b6e7-3ca3d044773c
cddd601a-43ce-455b-85b7-57a60a70ab0b;19473;Morales;2809cb32-e11b-4fa7-b6e7-3ca3d044773c
ca506312-8650-4231-a9a2-1216fbb45c51;19513;Padilla;2809cb32-e11b-4fa7-b6e7-3ca3d044773c
faba2f4f-cbf9-4792-991e-c91f8da0056f;19517;Páez;2809cb32-e11b-4fa7-b6e7-3ca3d044773c
af11e775-1ae0-42d6-a824-e32d3fed0cec;19532;Patía;2809cb32-e11b-4fa7-b6e7-3ca3d044773c
22978382-c419-4c05-a79f-06b8674bc798;19533;Piamonte;2809cb32-e11b-4fa7-b6e7-3ca3d044773c
929d4668-cbd5-48ae-8201-ce41568b1fa0;19548;Piendamó - Tunía;2809cb32-e11b-4fa7-b6e7-3ca3d044773c
e31911c7-8834-4553-941f-a4d0e6e178da;19573;Puerto Tejada;2809cb32-e11b-4fa7-b6e7-3ca3d044773c
3df1462f-107c-448d-b982-db7dabab8df3;19585;Puracé;2809cb32-e11b-4fa7-b6e7-3ca3d044773c
78ebc1cc-60ce-4d76-ad70-0d6240200eb8;19622;Rosas;2809cb32-e11b-4fa7-b6e7-3ca3d044773c
fa619672-4966-41f2-ae17-a88908068316;19693;San Sebastián;2809cb32-e11b-4fa7-b6e7-3ca3d044773c
f72810c5-64bd-44d6-b8f0-b9ba2ae31ed4;19698;Santander De Quilichao;2809cb32-e11b-4fa7-b6e7-3ca3d044773c
1df47975-bf1e-4537-8d45-5aa9bfcb8e80;19701;Santa Rosa;2809cb32-e11b-4fa7-b6e7-3ca3d044773c
87ae3793-0556-4123-9949-392dfb3a15a1;19743;Silvia;2809cb32-e11b-4fa7-b6e7-3ca3d044773c
4c40458d-e0ef-4352-9ade-c6e672dfaf7a;19760;Sotará Paispamba;2809cb32-e11b-4fa7-b6e7-3ca3d044773c
7e86defc-a988-44cd-ad2d-e21f3ae04f5a;19780;Suárez;2809cb32-e11b-4fa7-b6e7-3ca3d044773c
00dd007e-9d6a-49ea-8d3b-e38165153713;19785;Sucre;2809cb32-e11b-4fa7-b6e7-3ca3d044773c
b72d8eb8-e709-463e-8a12-bb90934a483f;19807;Timbío;2809cb32-e11b-4fa7-b6e7-3ca3d044773c
3b29ad1e-140c-4d5e-8134-08e39c70e9c9;19809;Timbiquí;2809cb32-e11b-4fa7-b6e7-3ca3d044773c
9b313c24-d249-40ec-bcb4-e7bd69e4a7f4;19821;Toribío;2809cb32-e11b-4fa7-b6e7-3ca3d044773c
22495be1-a840-4f77-adde-ce6a22d8872d;19824;Totoró;2809cb32-e11b-4fa7-b6e7-3ca3d044773c
5b6b170a-20fc-4277-80bc-bdc0e1210b54;19845;Villa Rica;2809cb32-e11b-4fa7-b6e7-3ca3d044773c
5a200d48-c273-40ab-975f-d709e575c174;20001;Valledupar;8e13046e-2f96-4cd7-bad3-cb67361bd8e6
cbeb1eba-75aa-438c-a288-8da72ff9a4bf;20011;Aguachica;8e13046e-2f96-4cd7-bad3-cb67361bd8e6
ef665001-2014-4091-8322-bea882d43d7d;20013;Agustín Codazzi;8e13046e-2f96-4cd7-bad3-cb67361bd8e6
b5a21a60-c4b4-480a-aae1-5c6123c997f4;20045;Becerril;8e13046e-2f96-4cd7-bad3-cb67361bd8e6
32bbe2ba-2b84-437a-a88c-9869f53f8e6d;20060;Bosconia;8e13046e-2f96-4cd7-bad3-cb67361bd8e6
73b6774d-a973-420e-8da6-eae0325509bd;20175;Chimichagua;8e13046e-2f96-4cd7-bad3-cb67361bd8e6
e1ab8340-3772-40de-b00a-023e7996f443;20178;Chiriguaná;8e13046e-2f96-4cd7-bad3-cb67361bd8e6
da1bf455-4d82-43c1-afaa-11bf75634511;20228;Curumaní;8e13046e-2f96-4cd7-bad3-cb67361bd8e6
5f7f1d02-7a58-497d-8435-67de62ce535a;20238;El Copey;8e13046e-2f96-4cd7-bad3-cb67361bd8e6
07bc747c-ddef-4854-a541-8e01f4b6fcee;20250;El Paso;8e13046e-2f96-4cd7-bad3-cb67361bd8e6
c6a7143c-c7b5-4d1f-83d1-3feb59b3bda4;20295;Gamarra;8e13046e-2f96-4cd7-bad3-cb67361bd8e6
6ef7af17-2f69-4f69-abbe-4ee43f39e97c;20310;González;8e13046e-2f96-4cd7-bad3-cb67361bd8e6
658e3128-3c10-426d-ba5c-4eb943e8ce68;20383;La Gloria;8e13046e-2f96-4cd7-bad3-cb67361bd8e6
f31a0515-2a24-4fdb-9222-14ae4b0013ef;20400;La Jagua De Ibirico;8e13046e-2f96-4cd7-bad3-cb67361bd8e6
5b352ab1-3b52-45bc-85a6-495e421c9b05;20443;Manaure Balcón Del Cesar;8e13046e-2f96-4cd7-bad3-cb67361bd8e6
7078cea8-1df8-43a4-85ae-d9e7f5a6c474;20517;Pailitas;8e13046e-2f96-4cd7-bad3-cb67361bd8e6
7a3842ab-076c-4b49-8977-2bf77a77a949;20550;Pelaya;8e13046e-2f96-4cd7-bad3-cb67361bd8e6
4e1a15a3-8236-491a-a74a-1c797eedb451;20570;Pueblo Bello;8e13046e-2f96-4cd7-bad3-cb67361bd8e6
8e26cd4c-cb3d-477c-9ba5-262338ba1b7f;20614;Río De Oro;8e13046e-2f96-4cd7-bad3-cb67361bd8e6
fb3296cc-5d65-402a-bf5d-f31efa51675f;20621;La Paz;8e13046e-2f96-4cd7-bad3-cb67361bd8e6
069a7de4-2683-4d2b-87c7-e6e03a130ea8;20710;San Alberto;8e13046e-2f96-4cd7-bad3-cb67361bd8e6
d242dbfd-ab5d-4a3a-ac23-09164158ea43;20750;San Diego;8e13046e-2f96-4cd7-bad3-cb67361bd8e6
2574bb74-9617-4adb-934a-36dbe7f5ad64;20770;San Martín;8e13046e-2f96-4cd7-bad3-cb67361bd8e6
b92889d3-5ad7-4e7a-8610-d47775070318;20787;Tamalameque;8e13046e-2f96-4cd7-bad3-cb67361bd8e6
dfd5c2ef-ee02-4efe-92cf-1fd7df59e602;23001;Montería;7db89df9-0d29-4682-9c5f-99c4fe20f8b6
2369d46b-914b-4436-806b-feba13827ef1;23068;Ayapel;7db89df9-0d29-4682-9c5f-99c4fe20f8b6
d10395c4-e083-4ede-9c18-9ec22e21e230;23079;Buenavista;7db89df9-0d29-4682-9c5f-99c4fe20f8b6
1498829b-ecb3-4261-9caa-47b3994ba4d9;23090;Canalete;7db89df9-0d29-4682-9c5f-99c4fe20f8b6
dcc0a058-fc5d-4517-8556-f5a20764929d;23162;Cereté;7db89df9-0d29-4682-9c5f-99c4fe20f8b6
4d003b7d-3929-4b84-824c-ec22f7e64647;23168;Chimá;7db89df9-0d29-4682-9c5f-99c4fe20f8b6
db90ce91-9ada-4722-93cb-7983e9065871;23182;Chinú;7db89df9-0d29-4682-9c5f-99c4fe20f8b6
2fa26d2e-c8b0-427a-8674-9ac4f3af6e0a;23189;Ciénaga De Oro;7db89df9-0d29-4682-9c5f-99c4fe20f8b6
246d305d-fa3c-4a20-9641-aae0e262e46a;23300;Cotorra;7db89df9-0d29-4682-9c5f-99c4fe20f8b6
e2a76663-1d3f-41ce-89e7-6a10218803df;23350;La Apartada;7db89df9-0d29-4682-9c5f-99c4fe20f8b6
5872a0c8-7a63-4dba-a510-fe8c4092912d;23417;Lorica;7db89df9-0d29-4682-9c5f-99c4fe20f8b6
b7dc4774-6c7d-44ee-aca2-ac8918b8a015;23419;Los Córdobas;7db89df9-0d29-4682-9c5f-99c4fe20f8b6
6ab01c93-245e-4328-b529-123c4302468f;23464;Momil;7db89df9-0d29-4682-9c5f-99c4fe20f8b6
d475a66c-095c-48e2-9f2c-4e88dd22476c;23466;Montelíbano;7db89df9-0d29-4682-9c5f-99c4fe20f8b6
c72371d8-0440-4c99-ab74-2346987cee8a;23500;Moñitos;7db89df9-0d29-4682-9c5f-99c4fe20f8b6
87fd7b09-3ed8-4bff-adde-047d3f7925f3;23555;Planeta Rica;7db89df9-0d29-4682-9c5f-99c4fe20f8b6
29bdfd85-214c-4712-9b9b-2bced59b5dcb;23570;Pueblo Nuevo;7db89df9-0d29-4682-9c5f-99c4fe20f8b6
0432a365-6134-47eb-9d50-622f72c98bf2;23574;Puerto Escondido;7db89df9-0d29-4682-9c5f-99c4fe20f8b6
ae355445-9831-4792-a3ac-e1e58d441044;23580;Puerto Libertador;7db89df9-0d29-4682-9c5f-99c4fe20f8b6
3203b12b-28dd-45ef-b78c-f66dbc2c333a;23586;Purísima De La Concepción;7db89df9-0d29-4682-9c5f-99c4fe20f8b6
02e5b5aa-3ac9-4f0f-a160-0ffa206a4123;23660;Sahagún;7db89df9-0d29-4682-9c5f-99c4fe20f8b6
969715c1-da6f-4e33-a21a-9bead61e547b;23670;San Andrés De Sotavento;7db89df9-0d29-4682-9c5f-99c4fe20f8b6
5a8335f6-2710-424e-a9ec-810f4ea89f8d;23672;San Antero;7db89df9-0d29-4682-9c5f-99c4fe20f8b6
db331b4a-1835-4c14-9cd5-a839b50d80db;23675;San Bernardo Del Viento;7db89df9-0d29-4682-9c5f-99c4fe20f8b6
59778f68-4a93-49eb-bbf0-e300f7569084;23678;San Carlos;7db89df9-0d29-4682-9c5f-99c4fe20f8b6
f66150ef-cec7-4441-a170-b239e744624e;23682;San José De Uré;7db89df9-0d29-4682-9c5f-99c4fe20f8b6
b0feb2c5-19cb-4fcd-9488-5adf6250ee83;23686;San Pelayo;7db89df9-0d29-4682-9c5f-99c4fe20f8b6
e73ce31a-ac10-4120-93eb-902697e0a32c;23807;Tierralta;7db89df9-0d29-4682-9c5f-99c4fe20f8b6
2b3b79ac-0f64-4c6f-a9b0-7d48b3630388;23815;Tuchín;7db89df9-0d29-4682-9c5f-99c4fe20f8b6
02055cf3-904d-4054-a309-7ecacc669e89;23855;Valencia;7db89df9-0d29-4682-9c5f-99c4fe20f8b6
fc2293c8-671f-4e01-b607-83b93060635e;25001;Agua De Dios;f1739904-e536-42c2-8c27-7d67d6e7f682
d3f15d1d-0d62-4ad7-918e-36f292a82642;25019;Albán;f1739904-e536-42c2-8c27-7d67d6e7f682
9b7d3854-06e4-447b-8558-4c85a708a7b0;25035;Anapoima;f1739904-e536-42c2-8c27-7d67d6e7f682
03cff487-eb39-436d-8eb0-7ae4c2a4cb4d;25040;Anolaima;f1739904-e536-42c2-8c27-7d67d6e7f682
c6f83232-7dfc-4925-b3be-2555f10ee18d;25053;Arbeláez;f1739904-e536-42c2-8c27-7d67d6e7f682
139d8fbb-53f0-44c4-a70c-54627b0bcbe7;25086;Beltrán;f1739904-e536-42c2-8c27-7d67d6e7f682
3b09beff-62ee-4503-9fd7-ae6739ee656e;25095;Bituima;f1739904-e536-42c2-8c27-7d67d6e7f682
56c12098-9c1f-41ff-a0b8-80dca1769f4e;25099;Bojacá;f1739904-e536-42c2-8c27-7d67d6e7f682
6eefd5fc-b019-48cc-9e4d-f53ef0e699c1;25120;Cabrera;f1739904-e536-42c2-8c27-7d67d6e7f682
765f1570-5e8e-4913-98e3-d88bd09ced7d;25123;Cachipay;f1739904-e536-42c2-8c27-7d67d6e7f682
c381f5c8-b868-4291-9435-8a637e266f10;25126;Cajicá;f1739904-e536-42c2-8c27-7d67d6e7f682
81cbd6d7-485b-408b-a4bb-9c7149514414;25148;Caparrapí;f1739904-e536-42c2-8c27-7d67d6e7f682
443dab31-1c5a-48c3-ac90-f396fd665319;25151;Cáqueza;f1739904-e536-42c2-8c27-7d67d6e7f682
c75b54d8-c2c2-4035-a42c-b77c99ccf5ca;25154;Carmen De Carupa;f1739904-e536-42c2-8c27-7d67d6e7f682
6040210b-ae42-4936-88fa-8442b74835fe;25168;Chaguaní;f1739904-e536-42c2-8c27-7d67d6e7f682
56237fd3-6633-42cf-93f0-7cfac2b2e417;25175;Chía;f1739904-e536-42c2-8c27-7d67d6e7f682
8a6142be-8a6b-46f9-ae44-07fa865ffc8d;25178;Chipaque;f1739904-e536-42c2-8c27-7d67d6e7f682
8839d84c-ad09-4113-82ef-eaa0a467189c;25181;Choachí;f1739904-e536-42c2-8c27-7d67d6e7f682
93e2f57e-1466-4cf9-9f33-55c8c9298216;25183;Chocontá;f1739904-e536-42c2-8c27-7d67d6e7f682
377b2529-e282-4453-b233-77baa4ffb851;25200;Cogua;f1739904-e536-42c2-8c27-7d67d6e7f682
ffad8a57-4ac1-45b0-9b99-14d988fc4a12;25214;Cota;f1739904-e536-42c2-8c27-7d67d6e7f682
e04e1639-77fa-4d44-8e85-999de249e86f;25224;Cucunubá;f1739904-e536-42c2-8c27-7d67d6e7f682
262ac31c-e7a9-413a-9ce7-3a9e34274be2;25245;El Colegio;f1739904-e536-42c2-8c27-7d67d6e7f682
e1e6237d-e718-443a-b58d-b4a1b2ae98c5;25258;El Peñón;f1739904-e536-42c2-8c27-7d67d6e7f682
643f4a24-d555-4808-9e1c-a395571411f6;25260;El Rosal;f1739904-e536-42c2-8c27-7d67d6e7f682
a5820dba-4a66-4a4c-a1a3-3020a3b9c576;25269;Facatativá;f1739904-e536-42c2-8c27-7d67d6e7f682
3ccf7c0f-87b7-4248-b391-c277efaf07bc;25279;Fómeque;f1739904-e536-42c2-8c27-7d67d6e7f682
d6322282-0cd8-47e6-8687-ab8dd73bd795;25281;Fosca;f1739904-e536-42c2-8c27-7d67d6e7f682
f4c1e43d-e61e-4c21-b562-215d2fdad798;25286;Funza;f1739904-e536-42c2-8c27-7d67d6e7f682
97c6ef38-1394-488f-8e67-2adc6ad893bc;25288;Fúquene;f1739904-e536-42c2-8c27-7d67d6e7f682
4c8ae88d-2432-4b0f-9780-b91613aed1cf;25290;Fusagasugá;f1739904-e536-42c2-8c27-7d67d6e7f682
9614442e-fd9d-4e53-af62-3067e62e9380;25293;Gachalá;f1739904-e536-42c2-8c27-7d67d6e7f682
8102de26-d73a-4f8c-a00b-74362671c855;25295;Gachancipá;f1739904-e536-42c2-8c27-7d67d6e7f682
7dcfe055-b45a-4130-a554-bddadef0a1dc;25297;Gachetá;f1739904-e536-42c2-8c27-7d67d6e7f682
9c2b382e-c230-49e4-9818-def0d558171d;25299;Gama;f1739904-e536-42c2-8c27-7d67d6e7f682
33175d30-d9bb-4fb2-b320-234b24f55571;25307;Girardot;f1739904-e536-42c2-8c27-7d67d6e7f682
da0ad791-7aab-4339-b580-db4aa4d56a63;25312;Granada;f1739904-e536-42c2-8c27-7d67d6e7f682
47c26cba-0cef-4c97-bc22-a541b38a70a8;25317;Guachetá;f1739904-e536-42c2-8c27-7d67d6e7f682
cd0d2a46-a370-42c3-965f-aa8749dc8f9c;25320;Guaduas;f1739904-e536-42c2-8c27-7d67d6e7f682
061df9e6-0456-4fae-8695-599b06131406;25322;Guasca;f1739904-e536-42c2-8c27-7d67d6e7f682
d57855a9-5429-4223-a99f-fe98a63b4f7a;25324;Guataquí;f1739904-e536-42c2-8c27-7d67d6e7f682
531b5a5a-7448-40f6-adcb-0778f91244a1;25326;Guatavita;f1739904-e536-42c2-8c27-7d67d6e7f682
3160038a-b29e-467a-8a5e-7390c9e1e831;25328;Guayabal De Síquima;f1739904-e536-42c2-8c27-7d67d6e7f682
4b38e5c6-ef24-493b-86bb-b0948992ff90;25335;Guayabetal;f1739904-e536-42c2-8c27-7d67d6e7f682
1cb15a66-209f-4b89-884d-b787f8b71b26;25339;Gutiérrez;f1739904-e536-42c2-8c27-7d67d6e7f682
b3cf4e98-d5fe-4460-bfce-4398e1c187ce;25368;Jerusalén;f1739904-e536-42c2-8c27-7d67d6e7f682
f27b79e7-7fdf-4572-8ee1-f039f0801633;25372;Junín;f1739904-e536-42c2-8c27-7d67d6e7f682
b71fb9f9-105c-4300-9f50-6e82b5bbe519;25377;La Calera;f1739904-e536-42c2-8c27-7d67d6e7f682
8ea161ea-6fad-44db-89f8-697cdce54f49;25386;La Mesa;f1739904-e536-42c2-8c27-7d67d6e7f682
4347313f-d8cb-4c28-bb80-e31bf16a39f2;25394;La Palma;f1739904-e536-42c2-8c27-7d67d6e7f682
9ee25294-4078-4d2d-b9a7-a1ba61f05896;25398;La Peña;f1739904-e536-42c2-8c27-7d67d6e7f682
9747f01d-cfc7-4320-bc21-262a9408e3ee;25402;La Vega;f1739904-e536-42c2-8c27-7d67d6e7f682
4c7015ca-5afe-4a37-aa85-706aaeaebe8c;25407;Lenguazaque;f1739904-e536-42c2-8c27-7d67d6e7f682
0caf1fba-856c-4c38-98dd-3552f7efd1c5;25426;Machetá;f1739904-e536-42c2-8c27-7d67d6e7f682
19b5fb74-f242-405e-b4f8-c34d865844f0;25430;Madrid;f1739904-e536-42c2-8c27-7d67d6e7f682
c16815d8-7652-4fcf-bfc8-8841eb84bc5d;25436;Manta;f1739904-e536-42c2-8c27-7d67d6e7f682
310b7cee-8d7d-4252-9db0-2e4b527ceac6;25438;Medina;f1739904-e536-42c2-8c27-7d67d6e7f682
da12c3c2-02eb-439c-9bbd-2b663fbd7a41;25473;Mosquera;f1739904-e536-42c2-8c27-7d67d6e7f682
6ac41db0-c47b-4fc5-997f-bacdc9b2bb68;25483;Nariño;f1739904-e536-42c2-8c27-7d67d6e7f682
bfe85e3b-2e16-4513-a793-3673039fbf5e;25486;Nemocón;f1739904-e536-42c2-8c27-7d67d6e7f682
c1b65633-2998-4db0-9b31-b225b0654d49;25488;Nilo;f1739904-e536-42c2-8c27-7d67d6e7f682
e31b85f0-354a-45cb-8446-dc531c436f7e;25489;Nimaima;f1739904-e536-42c2-8c27-7d67d6e7f682
f03ba09f-7533-4b75-a110-61daeae77f1c;25491;Nocaima;f1739904-e536-42c2-8c27-7d67d6e7f682
d43aa96a-3ad5-4f74-996c-1dbdee57878c;25506;Venecia;f1739904-e536-42c2-8c27-7d67d6e7f682
24192386-bfb0-4cc6-bb25-0bee91b28add;25513;Pacho;f1739904-e536-42c2-8c27-7d67d6e7f682
fbbf23d7-dc19-49f7-8be1-fd406c28588d;25518;Paime;f1739904-e536-42c2-8c27-7d67d6e7f682
19e7b719-be82-458c-9d1c-6b4c91145226;25524;Pandi;f1739904-e536-42c2-8c27-7d67d6e7f682
38f926af-2ee5-4c4a-b53b-1341dae14e62;25530;Paratebueno;f1739904-e536-42c2-8c27-7d67d6e7f682
21613198-7900-4301-8a39-8825e093c27a;25535;Pasca;f1739904-e536-42c2-8c27-7d67d6e7f682
692173a4-2337-4f03-877a-273d9fc55389;25572;Puerto Salgar;f1739904-e536-42c2-8c27-7d67d6e7f682
e40c7b51-785f-4fd7-9ef6-6b9c092e7361;25580;Pulí;f1739904-e536-42c2-8c27-7d67d6e7f682
52f76e3d-fa3a-48f6-8e46-da41d487122b;25592;Quebradanegra;f1739904-e536-42c2-8c27-7d67d6e7f682
62a0e8de-c9c1-464d-8847-a0bfe67aa6c6;25594;Quetame;f1739904-e536-42c2-8c27-7d67d6e7f682
15a89095-4e31-4cb9-a622-6325ff119a2d;25596;Quipile;f1739904-e536-42c2-8c27-7d67d6e7f682
4ca2bcff-ee93-4d88-8913-224f568fbdbf;25599;Apulo;f1739904-e536-42c2-8c27-7d67d6e7f682
e672eae6-eace-45eb-960d-5f59fcce8028;25612;Ricaurte;f1739904-e536-42c2-8c27-7d67d6e7f682
1a7eb362-06ac-418a-9c54-a96598e79f6a;25645;San Antonio Del Tequendama;f1739904-e536-42c2-8c27-7d67d6e7f682
7c297c40-f27c-4a5d-a8d4-5077acafc471;25649;San Bernardo;f1739904-e536-42c2-8c27-7d67d6e7f682
a406ef5a-64c5-4a1e-8550-fccaf4f0abc9;25653;San Cayetano;f1739904-e536-42c2-8c27-7d67d6e7f682
08d9cbc4-65e8-4b8f-b021-7c19e444cd3e;25658;San Francisco;f1739904-e536-42c2-8c27-7d67d6e7f682
71c52fee-4274-4a98-aa6d-3a7f6a66ce68;25662;San Juan De Rioseco;f1739904-e536-42c2-8c27-7d67d6e7f682
0bcae0c5-fb51-44bd-b587-072b72dd7645;25718;Sasaima;f1739904-e536-42c2-8c27-7d67d6e7f682
92322096-4b8a-4b0f-adc3-df2b6c67ae0f;25736;Sesquilé;f1739904-e536-42c2-8c27-7d67d6e7f682
6aefc7a5-5550-476a-995e-9568faac1438;25740;Sibaté;f1739904-e536-42c2-8c27-7d67d6e7f682
79b65415-375b-4c6f-8df3-a298bb558acf;25743;Silvania;f1739904-e536-42c2-8c27-7d67d6e7f682
96a9f913-dbf0-4a73-ad97-64d802231484;25745;Simijaca;f1739904-e536-42c2-8c27-7d67d6e7f682
079d56c6-c489-4b8d-a460-55555bd6d0ce;25754;Soacha;f1739904-e536-42c2-8c27-7d67d6e7f682
472a6162-95bc-48bd-9c49-9bfab594a9d4;25758;Sopó;f1739904-e536-42c2-8c27-7d67d6e7f682
1f8ba024-e11f-4416-b37b-fc504234b75e;25769;Subachoque;f1739904-e536-42c2-8c27-7d67d6e7f682
c922d45d-0fb7-4726-abb7-5ded4f6334d5;25772;Suesca;f1739904-e536-42c2-8c27-7d67d6e7f682
3d05dd73-443d-4f8e-aa5a-413ad314cdc5;25777;Supatá;f1739904-e536-42c2-8c27-7d67d6e7f682
eab82df3-07b4-496f-84a3-d448048c8c7c;25779;Susa;f1739904-e536-42c2-8c27-7d67d6e7f682
d5ca2b85-49c7-42d2-93b9-a1413f85f0fb;25781;Sutatausa;f1739904-e536-42c2-8c27-7d67d6e7f682
5f37f62a-a448-47a4-b557-399e34989071;25785;Tabio;f1739904-e536-42c2-8c27-7d67d6e7f682
265a1771-c908-48b2-9214-28c432ea2fe3;25793;Tausa;f1739904-e536-42c2-8c27-7d67d6e7f682
edb8dad0-e3c2-4dbf-b1c0-4f49261922b5;25797;Tena;f1739904-e536-42c2-8c27-7d67d6e7f682
77067e3e-a6c6-4e42-b6cd-d6e1b7be0f2e;25799;Tenjo;f1739904-e536-42c2-8c27-7d67d6e7f682
2ba6eb61-3c1a-4adb-9a70-513b1394a4be;25805;Tibacuy;f1739904-e536-42c2-8c27-7d67d6e7f682
4f2f9f44-12a5-4621-a6ea-ab0d38e15438;25807;Tibirita;f1739904-e536-42c2-8c27-7d67d6e7f682
0b15de3c-4056-4f2f-9ca6-2f833f7f2f1c;25815;Tocaima;f1739904-e536-42c2-8c27-7d67d6e7f682
0a1eb470-a4e4-4b6b-924b-9324d820bf58;25817;Tocancipá;f1739904-e536-42c2-8c27-7d67d6e7f682
6ec9fff5-1ebd-4fe4-a61a-34d80df6e5fd;25823;Topaipí;f1739904-e536-42c2-8c27-7d67d6e7f682
77e3e347-39b1-4f77-8202-686c007e1382;25839;Ubalá;f1739904-e536-42c2-8c27-7d67d6e7f682
1dac53cf-bca2-4f34-8374-35ea3165e5fa;25841;Ubaque;f1739904-e536-42c2-8c27-7d67d6e7f682
b5fecd2c-fc28-423f-9c2d-3ba914b803c2;25843;Villa De San Diego De Ubaté;f1739904-e536-42c2-8c27-7d67d6e7f682
a900daae-bbe3-4cdb-8449-19848303a07e;25845;Une;f1739904-e536-42c2-8c27-7d67d6e7f682
f663fc0b-37b3-4df9-9c7f-d2df7454bf92;25851;Útica;f1739904-e536-42c2-8c27-7d67d6e7f682
70b1aa11-5275-49d3-a93d-f665546e3a93;25862;Vergara;f1739904-e536-42c2-8c27-7d67d6e7f682
87ecb8fa-a9b2-4bf8-b8c2-5bc5f35dcbe9;25867;Vianí;f1739904-e536-42c2-8c27-7d67d6e7f682
6e90cad2-01ae-4277-8029-197435972565;25871;Villagómez;f1739904-e536-42c2-8c27-7d67d6e7f682
e7293391-c700-4666-81ee-451181dc9f3f;25873;Villapinzón;f1739904-e536-42c2-8c27-7d67d6e7f682
b5f26b88-741d-4399-b636-b6634d447d51;25875;Villeta;f1739904-e536-42c2-8c27-7d67d6e7f682
d9034c2d-7f16-4a67-981b-de678cb103d5;25878;Viotá;f1739904-e536-42c2-8c27-7d67d6e7f682
afbb05bc-7210-4aee-a12a-3ad7008b3c21;25885;Yacopí;f1739904-e536-42c2-8c27-7d67d6e7f682
012f6bc9-44b5-42f2-bcf8-863428cf7110;25898;Zipacón;f1739904-e536-42c2-8c27-7d67d6e7f682
b0ab224d-5037-4dc4-946c-b5bfa9884e6b;25899;Zipaquirá;f1739904-e536-42c2-8c27-7d67d6e7f682
f127b8c2-5642-464c-a723-49e5a8136e84;27001;Quibdó;ac8970d8-6f04-44ec-a74a-75283705dc69
19fce82b-144f-49ad-9d28-c001a7d1339f;27006;Acandí;ac8970d8-6f04-44ec-a74a-75283705dc69
69fed1d6-157b-43e4-8521-8c89bff76ef8;27025;Alto Baudó;ac8970d8-6f04-44ec-a74a-75283705dc69
c1440d81-d8da-4d7c-b6da-4f8c96355306;27050;Atrato;ac8970d8-6f04-44ec-a74a-75283705dc69
562dbcaa-fc0a-4d28-b276-1e7a15f7cbeb;27073;Bagadó;ac8970d8-6f04-44ec-a74a-75283705dc69
b6f8070b-9cd4-4758-9062-b12db73af20c;27075;Bahía Solano;ac8970d8-6f04-44ec-a74a-75283705dc69
26442c17-3b9c-4d42-b367-439146e2043a;27077;Bajo Baudó;ac8970d8-6f04-44ec-a74a-75283705dc69
fc63938b-6229-465c-9530-2bdaf6c646e5;27099;Bojayá;ac8970d8-6f04-44ec-a74a-75283705dc69
43f417b5-7868-41c4-978f-bd105788c9b4;27135;El Cantón Del San Pablo;ac8970d8-6f04-44ec-a74a-75283705dc69
076d6a6c-e140-4d7a-9fc3-f5cddc5a7c54;27150;Carmen Del Darién;ac8970d8-6f04-44ec-a74a-75283705dc69
799cafb8-06bf-40e0-b7d6-bcf59d93a23e;27160;Cértegui;ac8970d8-6f04-44ec-a74a-75283705dc69
fef487d6-628d-412f-b5a4-e249f1eceaad;27205;Condoto;ac8970d8-6f04-44ec-a74a-75283705dc69
6912395e-a537-4c7b-bdde-fb4702f9c594;27245;El Carmen De Atrato;ac8970d8-6f04-44ec-a74a-75283705dc69
bee63fe1-5151-47da-b07c-3fdc22362ff6;27250;El Litoral Del San Juan;ac8970d8-6f04-44ec-a74a-75283705dc69
34f81e2e-8dd7-4ec1-9c0a-d2952949c98e;27361;Istmina;ac8970d8-6f04-44ec-a74a-75283705dc69
0c8f341a-ab56-4347-8235-77d3f1adff22;27372;Juradó;ac8970d8-6f04-44ec-a74a-75283705dc69
1de10ecd-954c-41a8-bf21-24ac136aff05;27413;Lloró;ac8970d8-6f04-44ec-a74a-75283705dc69
2e021a95-0350-4e84-8708-2c440b706d15;27425;Medio Atrato;ac8970d8-6f04-44ec-a74a-75283705dc69
1dee09c7-5feb-43e5-a532-4729cdec06c5;27430;Medio Baudó;ac8970d8-6f04-44ec-a74a-75283705dc69
77d331ff-3201-4b02-b6a3-8f98ac20a113;27450;Medio San Juan;ac8970d8-6f04-44ec-a74a-75283705dc69
a9bc2a4b-2296-4144-8398-772d26958b60;27491;Nóvita;ac8970d8-6f04-44ec-a74a-75283705dc69
10911878-d0df-4de0-93f0-e731d9c8c0b2;27495;Nuquí;ac8970d8-6f04-44ec-a74a-75283705dc69
cc5a2a2e-b145-406d-9b9e-9a5d7dfe466b;27580;Río Iró;ac8970d8-6f04-44ec-a74a-75283705dc69
f8709fcd-d30c-4bc1-b6f7-16472a7eb055;27600;Río Quito;ac8970d8-6f04-44ec-a74a-75283705dc69
796f57e4-4cb1-4374-982d-576ecca98b28;27615;Riosucio;ac8970d8-6f04-44ec-a74a-75283705dc69
61df6823-7eee-4f8f-a79e-b7fd1502e4dd;27660;San José Del Palmar;ac8970d8-6f04-44ec-a74a-75283705dc69
202f050e-db72-4b4c-b59b-a5772df92e42;27745;Sipí;ac8970d8-6f04-44ec-a74a-75283705dc69
f8675032-6f98-4a58-9cb8-bd842eefd071;27787;Tadó;ac8970d8-6f04-44ec-a74a-75283705dc69
ba627d48-e5ab-442a-ba65-646e4fb79947;27800;Unguía;ac8970d8-6f04-44ec-a74a-75283705dc69
29031099-2204-462d-9f56-7850af277c78;27810;Unión Panamericana;ac8970d8-6f04-44ec-a74a-75283705dc69
357fb741-0aac-49a7-8c00-380c955e12e3;41001;Neiva;38c830e4-ba5b-4046-aab2-4aabf797b7d2
1cc074a5-a5d5-434b-85c2-a5caaacd4266;41006;Acevedo;38c830e4-ba5b-4046-aab2-4aabf797b7d2
73dcf2e6-7da6-4d10-9189-fdcf062953fe;41013;Agrado;38c830e4-ba5b-4046-aab2-4aabf797b7d2
51473219-aef8-4ee6-9e65-f474d2f0650c;41016;Aipe;38c830e4-ba5b-4046-aab2-4aabf797b7d2
8a2b3d7c-6ced-4533-9883-e18ccdb039d3;41020;Algeciras;38c830e4-ba5b-4046-aab2-4aabf797b7d2
72cac1de-4211-4b9d-bcf6-d0b75d01ef7d;41026;Altamira;38c830e4-ba5b-4046-aab2-4aabf797b7d2
93a45de7-9f50-401d-b1ab-48c73cee7990;41078;Baraya;38c830e4-ba5b-4046-aab2-4aabf797b7d2
ad143fa8-9305-447d-b2c1-a35f8dbf71d0;41132;Campoalegre;38c830e4-ba5b-4046-aab2-4aabf797b7d2
5d9d1230-3e6f-43a2-82ac-290541180281;41206;Colombia;38c830e4-ba5b-4046-aab2-4aabf797b7d2
5db69d15-4b28-4b14-8a1f-ddf534cd0521;41244;Elías;38c830e4-ba5b-4046-aab2-4aabf797b7d2
fb5ad99d-4a84-40ce-b0d2-7ee5cd5a1222;41298;Garzón;38c830e4-ba5b-4046-aab2-4aabf797b7d2
82cee9e3-cbac-4973-bb7c-6501e539b2c7;41306;Gigante;38c830e4-ba5b-4046-aab2-4aabf797b7d2
7e5624a8-0731-40ae-b157-cabe67cd5817;41319;Guadalupe;38c830e4-ba5b-4046-aab2-4aabf797b7d2
634fd377-5ab8-40a7-b01f-7cda6378105b;41349;Hobo;38c830e4-ba5b-4046-aab2-4aabf797b7d2
b1d0293d-aa20-47a8-ba13-58c7822accca;41357;Íquira;38c830e4-ba5b-4046-aab2-4aabf797b7d2
97b392ed-1acf-4f1e-9322-d1046e2278f8;41359;Isnos;38c830e4-ba5b-4046-aab2-4aabf797b7d2
e857606c-1eb5-4ebc-b2eb-6dc66433b0a3;41378;La Argentina;38c830e4-ba5b-4046-aab2-4aabf797b7d2
91db7e20-b5b8-4f0a-8e15-5f3ff75ac332;41396;La Plata;38c830e4-ba5b-4046-aab2-4aabf797b7d2
755b131e-ef62-4490-92f9-9a920d359954;41483;Nátaga;38c830e4-ba5b-4046-aab2-4aabf797b7d2
cf87a9f4-12dc-4637-8170-2ef510343fc4;41503;Oporapa;38c830e4-ba5b-4046-aab2-4aabf797b7d2
9b04793a-a63e-4fb5-be32-2a1922e30b27;41518;Paicol;38c830e4-ba5b-4046-aab2-4aabf797b7d2
6cb6eb63-08d8-45c3-a033-6d4e1bd16a53;41524;Palermo;38c830e4-ba5b-4046-aab2-4aabf797b7d2
cf6d6d80-f83b-4346-a135-4a6efd0d0128;41530;Palestina;38c830e4-ba5b-4046-aab2-4aabf797b7d2
6c8d3af8-4242-4420-b068-38a6de60d113;41548;Pital;38c830e4-ba5b-4046-aab2-4aabf797b7d2
a580b98d-7d9f-4994-b38c-8fc49f418a08;41551;Pitalito;38c830e4-ba5b-4046-aab2-4aabf797b7d2
2c3bc454-04bf-40a2-b171-7b8363f976b4;41615;Rivera;38c830e4-ba5b-4046-aab2-4aabf797b7d2
659ed718-b0bf-4a57-b400-6f9d33430ea3;41660;Saladoblanco;38c830e4-ba5b-4046-aab2-4aabf797b7d2
037c6e18-80d4-402f-a8d7-a4e875c527db;41668;San Agustín;38c830e4-ba5b-4046-aab2-4aabf797b7d2
14f82273-2860-48eb-90eb-1e0f11ad4711;41676;Santa María;38c830e4-ba5b-4046-aab2-4aabf797b7d2
1872eb50-4e83-415e-80cd-76480cc86088;41770;Suaza;38c830e4-ba5b-4046-aab2-4aabf797b7d2
a60f86c7-2b51-4435-b8d9-958af5bfced0;41791;Tarqui;38c830e4-ba5b-4046-aab2-4aabf797b7d2
a7ab894f-fbe6-4abe-a484-378d62d2f2c2;41797;Tesalia;38c830e4-ba5b-4046-aab2-4aabf797b7d2
ce6eaaa1-9ba2-4129-886b-e11f4869b7e3;41799;Tello;38c830e4-ba5b-4046-aab2-4aabf797b7d2
1cff4e80-e3ca-4dd4-a839-21f85787f516;41801;Teruel;38c830e4-ba5b-4046-aab2-4aabf797b7d2
32737c2f-fc1e-41a5-a9a2-256e34243c1c;41807;Timaná;38c830e4-ba5b-4046-aab2-4aabf797b7d2
d0c10763-04be-466e-8d76-f17cc0c04a63;41872;Villavieja;38c830e4-ba5b-4046-aab2-4aabf797b7d2
ca8e3b1a-c009-420e-962e-879394988ff9;41885;Yaguará;38c830e4-ba5b-4046-aab2-4aabf797b7d2
dcc44cb6-4e5e-475f-93ab-07bbe60d1ae8;44001;Riohacha;7dba66a3-9b2c-4d04-acd4-a51feb5f4214
dfb70f51-5387-4c14-87a5-161cd1b90bc0;44035;Albania;7dba66a3-9b2c-4d04-acd4-a51feb5f4214
71bc5f75-b4ed-4338-965f-60be4b6ec9f3;44078;Barrancas;7dba66a3-9b2c-4d04-acd4-a51feb5f4214
13a7891b-fb8e-49c5-84d7-cde1d868a547;44090;Dibulla;7dba66a3-9b2c-4d04-acd4-a51feb5f4214
6eacc1ae-ef42-48e0-bb63-f71c103bdcee;44098;Distracción;7dba66a3-9b2c-4d04-acd4-a51feb5f4214
2644b774-8c58-4edf-80ef-b529872d42d1;44110;El Molino;7dba66a3-9b2c-4d04-acd4-a51feb5f4214
e1902d3b-447f-4fa1-986f-b6183cf82da1;44279;Fonseca;7dba66a3-9b2c-4d04-acd4-a51feb5f4214
16e13e35-0521-4a7f-bb94-c013439aa7e0;44378;Hatonuevo;7dba66a3-9b2c-4d04-acd4-a51feb5f4214
5da64f13-f9d4-4e90-9d63-e0e7cd6c48bf;44420;La Jagua Del Pilar;7dba66a3-9b2c-4d04-acd4-a51feb5f4214
3e4b264b-a21c-426f-aa45-8b073fe11cc1;44430;Maicao;7dba66a3-9b2c-4d04-acd4-a51feb5f4214
a61feea7-a153-4371-9bb8-5d9af18ce668;44560;Manaure;7dba66a3-9b2c-4d04-acd4-a51feb5f4214
a8e27592-45c7-4da7-ab0e-f9926ccd914d;44650;San Juan Del Cesar;7dba66a3-9b2c-4d04-acd4-a51feb5f4214
409f1efd-6fc1-44fd-9fd4-d104163de448;44847;Uribia;7dba66a3-9b2c-4d04-acd4-a51feb5f4214
cf363841-52c4-47eb-ae21-e7e3d5abfad9;44855;Urumita;7dba66a3-9b2c-4d04-acd4-a51feb5f4214
34902360-4256-43a2-8ed1-26e5c0b05cc2;44874;Villanueva;7dba66a3-9b2c-4d04-acd4-a51feb5f4214
092a138a-2c03-4c7d-9728-003c654eff0f;47001;Santa Marta;aa9aaa76-b18f-4681-b046-cb70abe67bea
b29dfc18-be17-490e-b12d-ef44ee796d61;47030;Algarrobo;aa9aaa76-b18f-4681-b046-cb70abe67bea
044a2e74-0494-4b88-a8f1-34fb32fb6eef;47053;Aracataca;aa9aaa76-b18f-4681-b046-cb70abe67bea
e77dcfca-2999-4c4b-9661-f36427b7b5bd;47058;Ariguaní;aa9aaa76-b18f-4681-b046-cb70abe67bea
a985fe3b-3b1f-4322-b5b7-d048d0739070;47161;Cerro De San Antonio;aa9aaa76-b18f-4681-b046-cb70abe67bea
a9d6d76a-36f1-4e33-b551-b73723e432b4;47170;Chivolo;aa9aaa76-b18f-4681-b046-cb70abe67bea
a6dc2bae-f964-49d5-a320-5090b7dde138;47189;Ciénaga;aa9aaa76-b18f-4681-b046-cb70abe67bea
4a1b0dfd-a568-432f-8bcc-e41f7f0bd304;47205;Concordia;aa9aaa76-b18f-4681-b046-cb70abe67bea
e37840a5-35b6-4406-9f99-18bfabd67a27;47245;El Banco;aa9aaa76-b18f-4681-b046-cb70abe67bea
d2d6cea5-f0bd-4bd2-a9d5-e2629b19dcf6;47258;El Piñón;aa9aaa76-b18f-4681-b046-cb70abe67bea
3f9d97d9-48d4-4a1b-9107-9b9115f43815;47268;El Retén;aa9aaa76-b18f-4681-b046-cb70abe67bea
d2fc7ef9-7b10-4d6c-b463-f09e21a7fc8d;47288;Fundación;aa9aaa76-b18f-4681-b046-cb70abe67bea
36a16860-6302-43b4-a951-fb39a1fe751b;47318;Guamal;aa9aaa76-b18f-4681-b046-cb70abe67bea
382332a9-4b1f-495e-89a6-f273047bc13a;47460;Nueva Granada;aa9aaa76-b18f-4681-b046-cb70abe67bea
e683ec0e-f236-4a52-9d91-933cb0c6b1fa;47541;Pedraza;aa9aaa76-b18f-4681-b046-cb70abe67bea
dd2116cb-e687-4588-a85a-bffb03597db0;47545;Pijiño Del Carmen;aa9aaa76-b18f-4681-b046-cb70abe67bea
b82e3357-bdd6-413a-9bde-a25b26ef6f12;47551;Pivijay;aa9aaa76-b18f-4681-b046-cb70abe67bea
6b0984c8-953b-4fb3-ac05-f78dc59cc9c7;47555;Plato;aa9aaa76-b18f-4681-b046-cb70abe67bea
ccd509e4-ff84-41d7-bd6d-61c08150a306;47570;Puebloviejo;aa9aaa76-b18f-4681-b046-cb70abe67bea
f793347e-7ea8-4b0b-8788-6a386655a00b;47605;Remolino;aa9aaa76-b18f-4681-b046-cb70abe67bea
b65d1382-aebb-470b-84c7-712d2549ddd1;47660;Sabanas De San Ángel;aa9aaa76-b18f-4681-b046-cb70abe67bea
ff1db2bb-a065-4e07-b76f-a6171fa38123;47675;Salamina;aa9aaa76-b18f-4681-b046-cb70abe67bea
670b5402-2f90-48a6-9b5b-ec8fff3e1f05;47692;San Sebastián De Buenavista;aa9aaa76-b18f-4681-b046-cb70abe67bea
76544578-05dd-495e-bd54-26872913ad9c;47703;San Zenón;aa9aaa76-b18f-4681-b046-cb70abe67bea
5ee43250-b281-4d65-9a96-f941c163e834;47707;Santa Ana;aa9aaa76-b18f-4681-b046-cb70abe67bea
ed0fa392-55df-4885-89ff-051a68c14062;47720;Santa Bárbara De Pinto;aa9aaa76-b18f-4681-b046-cb70abe67bea
c2338e45-0095-4c82-ad7b-7ecb0d4deb92;47745;Sitionuevo;aa9aaa76-b18f-4681-b046-cb70abe67bea
4aef4f83-9607-445d-91a8-4bbcd6cecf13;47798;Tenerife;aa9aaa76-b18f-4681-b046-cb70abe67bea
3bc0d702-d98a-4446-bea8-06f709de042f;47960;Zapayán;aa9aaa76-b18f-4681-b046-cb70abe67bea
428e68f0-11ed-44da-a53c-be1320fabcc4;47980;Zona Bananera;aa9aaa76-b18f-4681-b046-cb70abe67bea
a2708c5b-df02-4305-a005-43142f11df5d;50001;Villavicencio;cf74f697-e51c-48a8-a80e-f23277c78f18
4cbf9ce3-79d5-4d7f-b98c-2ee8b366b230;50006;Acacías;cf74f697-e51c-48a8-a80e-f23277c78f18
217c1f14-6618-40c7-b2c3-fb70e423bbc2;50110;Barranca De Upía;cf74f697-e51c-48a8-a80e-f23277c78f18
007eed60-281e-417f-987f-3dab6d51110f;50124;Cabuyaro;cf74f697-e51c-48a8-a80e-f23277c78f18
107beaef-a509-4983-a629-0ad07dfcdd8e;50150;Castilla La Nueva;cf74f697-e51c-48a8-a80e-f23277c78f18
b57a854a-db51-4255-8c9e-b5e5110570b5;50223;Cubarral;cf74f697-e51c-48a8-a80e-f23277c78f18
9a00518a-61a9-43b9-bcc5-e5591d2dd15a;50226;Cumaral;cf74f697-e51c-48a8-a80e-f23277c78f18
1f4c3872-ffa7-4c40-8638-9451438759c3;50245;El Calvario;cf74f697-e51c-48a8-a80e-f23277c78f18
899ab3a6-89c9-4c1e-92a0-cc256fdce8ca;50251;El Castillo;cf74f697-e51c-48a8-a80e-f23277c78f18
99118f65-90f0-4d4d-bd1e-50934f23f861;50270;El Dorado;cf74f697-e51c-48a8-a80e-f23277c78f18
aae6ff17-42e9-44f7-aef5-367cf57441e5;50287;Fuente De Oro;cf74f697-e51c-48a8-a80e-f23277c78f18
f1d9e8f8-3429-4c51-9262-ca02fdf593f6;50313;Granada;cf74f697-e51c-48a8-a80e-f23277c78f18
a0947efd-9430-4039-b79e-acfe20b31c23;50318;Guamal;cf74f697-e51c-48a8-a80e-f23277c78f18
ca9ea377-d5e2-46e2-9292-fe2861ab03de;50325;Mapiripán;cf74f697-e51c-48a8-a80e-f23277c78f18
321654e4-d9fd-4f00-9a17-e22d39e7266b;50330;Mesetas;cf74f697-e51c-48a8-a80e-f23277c78f18
a93ee0b9-3503-4820-8378-52bea6aa57e5;50350;La Macarena;cf74f697-e51c-48a8-a80e-f23277c78f18
10655b4a-bd6b-48d8-861e-84bffe2b2566;50370;Uribe;cf74f697-e51c-48a8-a80e-f23277c78f18
4cd29c69-14ff-465d-8b90-7188e4b10aab;50400;Lejanías;cf74f697-e51c-48a8-a80e-f23277c78f18
8519ca6c-af98-40de-886b-9acdc732f08f;50450;Puerto Concordia;cf74f697-e51c-48a8-a80e-f23277c78f18
4022af2a-c6d3-4e66-978f-9167077b0d4c;50568;Puerto Gaitán;cf74f697-e51c-48a8-a80e-f23277c78f18
5496a496-1d09-46bc-9e95-e7d6ba8be8cd;50573;Puerto López;cf74f697-e51c-48a8-a80e-f23277c78f18
ae60bb87-cce0-45f2-a2b3-e81b2183178c;50577;Puerto Lleras;cf74f697-e51c-48a8-a80e-f23277c78f18
74fb2272-e84c-4002-8bc9-4ed03f8d1aae;50590;Puerto Rico;cf74f697-e51c-48a8-a80e-f23277c78f18
a37dafcf-2806-4e2e-85ed-97b3fc017a84;50606;Restrepo;cf74f697-e51c-48a8-a80e-f23277c78f18
686aaaa8-a952-4f97-9c19-e6ada38019e1;50680;San Carlos De Guaroa;cf74f697-e51c-48a8-a80e-f23277c78f18
0d94600c-735e-4088-953b-c811b51846ba;50683;San Juan De Arama;cf74f697-e51c-48a8-a80e-f23277c78f18
5d5d9225-3cf2-4ecf-afa9-90acb3fae58b;50686;San Juanito;cf74f697-e51c-48a8-a80e-f23277c78f18
88e8cc7d-a10a-421d-a579-185350c9f6d4;50689;San Martín;cf74f697-e51c-48a8-a80e-f23277c78f18
4a80f8fb-c974-4464-9bdf-5a1a5315db33;50711;Vistahermosa;cf74f697-e51c-48a8-a80e-f23277c78f18
067c7120-6665-498d-a3fa-4d9ba06636c6;52001;Pasto;0e64e121-5bb9-4f91-ad60-bc414675ccd6
f459c993-9c4d-499e-a064-3830a7435e31;52019;Albán;0e64e121-5bb9-4f91-ad60-bc414675ccd6
b6e1a3f1-b71f-4a13-b821-bd111fe6c715;52022;Aldana;0e64e121-5bb9-4f91-ad60-bc414675ccd6
e94ac248-6967-4b31-ae2c-ef3b0ce02b17;52036;Ancuya;0e64e121-5bb9-4f91-ad60-bc414675ccd6
b35e90c7-bfb8-4536-b1f8-b2a96c7f8b9b;52051;Arboleda;0e64e121-5bb9-4f91-ad60-bc414675ccd6
3ae59056-2466-4653-b8ae-e10f8ce5ff25;52079;Barbacoas;0e64e121-5bb9-4f91-ad60-bc414675ccd6
1e56e7e2-3964-4f7e-9fd6-67cc830e99a5;52083;Belén;0e64e121-5bb9-4f91-ad60-bc414675ccd6
266d7db2-e64b-401a-a3ea-d85e1fdd9945;52110;Buesaco;0e64e121-5bb9-4f91-ad60-bc414675ccd6
41780eb4-395d-483b-b27f-5821a7309e2b;52203;Colón;0e64e121-5bb9-4f91-ad60-bc414675ccd6
e68b7e67-518a-4be9-b752-4e9bd77f2973;52207;Consacá;0e64e121-5bb9-4f91-ad60-bc414675ccd6
81c0c152-3f14-4683-a040-b2953e55fceb;52210;Contadero;0e64e121-5bb9-4f91-ad60-bc414675ccd6
afe05daf-ac4f-4358-bd28-8ed19f16efcb;52215;Córdoba;0e64e121-5bb9-4f91-ad60-bc414675ccd6
e50a71e2-d22d-4d43-9427-6d1888b41b39;52224;Cuaspud Carlosama;0e64e121-5bb9-4f91-ad60-bc414675ccd6
fe11e31c-4141-46d8-b068-2a22b9a7c5ae;52227;Cumbal;0e64e121-5bb9-4f91-ad60-bc414675ccd6
46322c01-2123-4e0e-a413-0c8f226ff41e;52233;Cumbitara;0e64e121-5bb9-4f91-ad60-bc414675ccd6
4d61f4e9-5b4f-4524-8b8b-c7b951403bbc;52240;Chachagüí;0e64e121-5bb9-4f91-ad60-bc414675ccd6
936c63c6-1316-4b66-acb9-8fc5a0b56acc;52250;El Charco;0e64e121-5bb9-4f91-ad60-bc414675ccd6
c9dba27a-859d-4f14-93b0-8f6cb1e48900;52254;El Peñol;0e64e121-5bb9-4f91-ad60-bc414675ccd6
7e66d58c-1fbf-42c8-9b2b-a2770a721410;52256;El Rosario;0e64e121-5bb9-4f91-ad60-bc414675ccd6
01824335-2557-4ecd-8a68-f3c2e36833c9;52258;El Tablón De Gómez;0e64e121-5bb9-4f91-ad60-bc414675ccd6
0301757b-fe14-4cf7-bfa7-872fd78586c8;52260;El Tambo;0e64e121-5bb9-4f91-ad60-bc414675ccd6
a1b27813-7b27-4b7c-8a2a-fe883e6fd6a8;52287;Funes;0e64e121-5bb9-4f91-ad60-bc414675ccd6
115bfa34-1a20-40e2-bbf6-03417f729ac8;52317;Guachucal;0e64e121-5bb9-4f91-ad60-bc414675ccd6
77ff5590-9cac-422d-8850-eb7a5cf42def;52320;Guaitarilla;0e64e121-5bb9-4f91-ad60-bc414675ccd6
e766e06c-3cf0-4928-8a7d-8bc322e65be6;52323;Gualmatán;0e64e121-5bb9-4f91-ad60-bc414675ccd6
b3ff4e6d-80c0-484a-9b14-3579aee6f198;52352;Iles;0e64e121-5bb9-4f91-ad60-bc414675ccd6
a4bbbdb4-039e-471b-a1f7-25ef2d5ac677;52354;Imués;0e64e121-5bb9-4f91-ad60-bc414675ccd6
86d4929e-5530-4a07-9bfb-038925ee573e;52356;Ipiales;0e64e121-5bb9-4f91-ad60-bc414675ccd6
704db5b7-7c52-4562-bff7-e38014a97463;52378;La Cruz;0e64e121-5bb9-4f91-ad60-bc414675ccd6
20736482-3a0e-49e1-9863-ee05adae416c;52381;La Florida;0e64e121-5bb9-4f91-ad60-bc414675ccd6
b1a0e566-474a-4570-af75-b05e2093d2a1;52385;La Llanada;0e64e121-5bb9-4f91-ad60-bc414675ccd6
02903829-fbec-4c01-8ed2-735ab0b6f023;52390;La Tola;0e64e121-5bb9-4f91-ad60-bc414675ccd6
245d4510-cc1b-4d30-8f44-75f8c2d9bcf1;52399;La Unión;0e64e121-5bb9-4f91-ad60-bc414675ccd6
7eec7bd4-342f-4ae6-ac8f-f21edd1d49fe;52405;Leiva;0e64e121-5bb9-4f91-ad60-bc414675ccd6
6b6c7e86-640a-4490-b2a2-95cf5bf473d1;52411;Linares;0e64e121-5bb9-4f91-ad60-bc414675ccd6
de0db917-2124-4f41-bd21-ffaeecf2d976;52418;Los Andes;0e64e121-5bb9-4f91-ad60-bc414675ccd6
32c554c3-788b-42c3-89a2-227410325a5f;52427;Magüí;0e64e121-5bb9-4f91-ad60-bc414675ccd6
678caebd-37e1-40fb-a1cb-e06214cfc816;52435;Mallama;0e64e121-5bb9-4f91-ad60-bc414675ccd6
4003a9e7-3e0b-483f-a0f4-4833535fd6ed;52473;Mosquera;0e64e121-5bb9-4f91-ad60-bc414675ccd6
939a04c6-a360-4c56-902a-0d5101baa2fe;52480;Nariño;0e64e121-5bb9-4f91-ad60-bc414675ccd6
2fa5cb99-2ec5-4243-be38-10d20544d3c4;52490;Olaya Herrera;0e64e121-5bb9-4f91-ad60-bc414675ccd6
93cd5ebb-9aab-471b-96e4-39113865403b;52506;Ospina;0e64e121-5bb9-4f91-ad60-bc414675ccd6
cba6972f-f61a-4917-b5eb-9be441c07622;52520;Francisco Pizarro;0e64e121-5bb9-4f91-ad60-bc414675ccd6
0e046d79-703c-4162-9af3-9451ceff0e24;52540;Policarpa;0e64e121-5bb9-4f91-ad60-bc414675ccd6
772e885e-8b18-407f-bb68-3c37f063a1af;52560;Potosí;0e64e121-5bb9-4f91-ad60-bc414675ccd6
a2f44dfb-c603-4c55-9e2a-02d4d05ac7e8;52565;Providencia;0e64e121-5bb9-4f91-ad60-bc414675ccd6
aa57ae6d-6f38-476f-be7c-158c3275c203;52573;Puerres;0e64e121-5bb9-4f91-ad60-bc414675ccd6
2cd75963-45a9-4118-ba78-87fdc0c5f762;52585;Pupiales;0e64e121-5bb9-4f91-ad60-bc414675ccd6
c07eafa5-e3d2-4395-9b2e-0de25d1c458d;52612;Ricaurte;0e64e121-5bb9-4f91-ad60-bc414675ccd6
4ac0d71a-05be-48df-897a-0a0b38642095;52621;Roberto Payán;0e64e121-5bb9-4f91-ad60-bc414675ccd6
e115f281-5c41-4852-afb2-d6c0285807de;52678;Samaniego;0e64e121-5bb9-4f91-ad60-bc414675ccd6
9672016d-7eb4-4353-bc0c-5e361b14b380;52683;Sandoná;0e64e121-5bb9-4f91-ad60-bc414675ccd6
9b43095f-8033-4dda-9061-013ba63d824e;52685;San Bernardo;0e64e121-5bb9-4f91-ad60-bc414675ccd6
1a86c256-a10d-4983-aee9-d69f7ad96788;52687;San Lorenzo;0e64e121-5bb9-4f91-ad60-bc414675ccd6
78ef14aa-1a46-4886-9fad-19f16a23e90d;52693;San Pablo;0e64e121-5bb9-4f91-ad60-bc414675ccd6
aeb464cf-0660-4ef2-829f-ff5c187c3417;52694;San Pedro De Cartago;0e64e121-5bb9-4f91-ad60-bc414675ccd6
dda9712f-5cc2-4de9-a35e-0c8eb3e39047;52696;Santa Bárbara;0e64e121-5bb9-4f91-ad60-bc414675ccd6
59a69e2b-f11a-47ed-b87f-8d8d5f6a871d;52699;Santacruz;0e64e121-5bb9-4f91-ad60-bc414675ccd6
73fab4aa-f8f9-41a6-9a8c-afb00ba6f847;52720;Sapuyes;0e64e121-5bb9-4f91-ad60-bc414675ccd6
843fb2c1-a503-4ea8-9748-f6a515b61b80;52786;Taminango;0e64e121-5bb9-4f91-ad60-bc414675ccd6
cf27995d-ea5a-4818-b36b-6deae876bf96;52788;Tangua;0e64e121-5bb9-4f91-ad60-bc414675ccd6
edd014bc-a63e-4be8-905b-dc59675c3c5d;52835;San Andrés De Tumaco;0e64e121-5bb9-4f91-ad60-bc414675ccd6
267026ef-8ca7-44d6-95a4-0c3e98e0b506;52838;Túquerres;0e64e121-5bb9-4f91-ad60-bc414675ccd6
4c9ea6a0-defd-44e3-a571-6ac63fa87c94;52885;Yacuanquer;0e64e121-5bb9-4f91-ad60-bc414675ccd6
660a78d9-6da1-49ea-8696-7c865f8a5ef5;54001;San José De Cúcuta;0581cb8a-97c5-4c38-a2ca-6c1305f30cf5
8d9a4d6b-e3b6-47a1-8b6d-0e2fdb6c24ef;54003;Ábrego;0581cb8a-97c5-4c38-a2ca-6c1305f30cf5
72804ba0-c364-4e5b-8267-f1b9e5b8cde2;54051;Arboledas;0581cb8a-97c5-4c38-a2ca-6c1305f30cf5
50edf82d-dc0e-4fdd-8b61-da61531bb8dd;54099;Bochalema;0581cb8a-97c5-4c38-a2ca-6c1305f30cf5
a798b7a4-d98d-46f0-81b5-67905841c94e;54109;Bucarasica;0581cb8a-97c5-4c38-a2ca-6c1305f30cf5
8771d14c-7535-485f-aa7c-d033a8af103e;54125;Cácota;0581cb8a-97c5-4c38-a2ca-6c1305f30cf5
0f1b702a-fce3-4be9-a747-cc3527c60876;54128;Cáchira;0581cb8a-97c5-4c38-a2ca-6c1305f30cf5
deb4f703-8b29-49f2-aed3-9a965fe3341e;54172;Chinácota;0581cb8a-97c5-4c38-a2ca-6c1305f30cf5
ddfc3f71-7e34-4727-86b8-7ad8a30de117;54174;Chitagá;0581cb8a-97c5-4c38-a2ca-6c1305f30cf5
5fa369df-fcce-4d1e-8506-f10c353fe69d;54206;Convención;0581cb8a-97c5-4c38-a2ca-6c1305f30cf5
93eb0895-eb9c-44f0-a8ec-335955f6c962;54223;Cucutilla;0581cb8a-97c5-4c38-a2ca-6c1305f30cf5
4d7c0ef8-8ddd-4d5f-9a96-421bbcae556d;54239;Durania;0581cb8a-97c5-4c38-a2ca-6c1305f30cf5
68c550ae-cda7-4d06-a159-fdb2bb9cbe7a;54245;El Carmen;0581cb8a-97c5-4c38-a2ca-6c1305f30cf5
ce346924-d02c-4c36-ac8c-7aef344fdb8b;54250;El Tarra;0581cb8a-97c5-4c38-a2ca-6c1305f30cf5
619c4fae-d71c-4886-b3f4-1b49d3dd1d30;54261;El Zulia;0581cb8a-97c5-4c38-a2ca-6c1305f30cf5
3f874e34-96b5-4827-87c4-b74f3dd944c0;54313;Gramalote;0581cb8a-97c5-4c38-a2ca-6c1305f30cf5
ce6846ad-5fcd-492c-8c26-a90d172222b3;54344;Hacarí;0581cb8a-97c5-4c38-a2ca-6c1305f30cf5
f3646e1e-b29f-46f5-a94f-9f378ced4c4e;54347;Herrán;0581cb8a-97c5-4c38-a2ca-6c1305f30cf5
a63d5317-d3d8-4cf0-b689-84dc7b1a03b1;54377;Labateca;0581cb8a-97c5-4c38-a2ca-6c1305f30cf5
a27b5e2f-4f94-465f-9316-461281e545e6;54385;La Esperanza;0581cb8a-97c5-4c38-a2ca-6c1305f30cf5
c853c621-0a5f-4b72-b2ab-5f6d4c92d25d;54398;La Playa;0581cb8a-97c5-4c38-a2ca-6c1305f30cf5
de9fe131-68c3-4b67-86a9-737c211d47cc;54405;Los Patios;0581cb8a-97c5-4c38-a2ca-6c1305f30cf5
002568f3-f79b-418a-93e0-d992c8c306d5;54418;Lourdes;0581cb8a-97c5-4c38-a2ca-6c1305f30cf5
4ee06816-d09f-43a9-979b-fdc1f356f056;54480;Mutiscua;0581cb8a-97c5-4c38-a2ca-6c1305f30cf5
0f6f2d5e-d1bc-4ab7-83af-90d6876eb4be;54498;Ocaña;0581cb8a-97c5-4c38-a2ca-6c1305f30cf5
d66a4938-4350-4883-99d9-8c9b64930e18;54518;Pamplona;0581cb8a-97c5-4c38-a2ca-6c1305f30cf5
e642cbdc-6330-4789-8a69-d0dda2089c09;54520;Pamplonita;0581cb8a-97c5-4c38-a2ca-6c1305f30cf5
9d3eca12-9aa0-4718-b777-68d27225ab14;54553;Puerto Santander;0581cb8a-97c5-4c38-a2ca-6c1305f30cf5
66739944-d406-48f6-a89d-76a4735871a3;54599;Ragonvalia;0581cb8a-97c5-4c38-a2ca-6c1305f30cf5
32ae75b4-9238-4cd3-83d7-77035f97b183;54660;Salazar;0581cb8a-97c5-4c38-a2ca-6c1305f30cf5
1184e675-89c5-41ee-9d91-462389c14dd2;54670;San Calixto;0581cb8a-97c5-4c38-a2ca-6c1305f30cf5
e2cf37bb-d247-442b-833c-45ee7a1c2cd5;54673;San Cayetano;0581cb8a-97c5-4c38-a2ca-6c1305f30cf5
3a15a986-c1c2-45c1-b85a-5f4948b7f84e;54680;Santiago;0581cb8a-97c5-4c38-a2ca-6c1305f30cf5
0be7c2f3-0b09-4dad-84cd-30c9eb52e8f2;54720;Sardinata;0581cb8a-97c5-4c38-a2ca-6c1305f30cf5
1bd6811f-daab-4afd-9ff7-2121821a8ad9;54743;Silos;0581cb8a-97c5-4c38-a2ca-6c1305f30cf5
ca45ef0f-8786-4811-88b5-bb64dc91dd29;54800;Teorama;0581cb8a-97c5-4c38-a2ca-6c1305f30cf5
5ac467d3-8ecb-4c9b-9d98-db7480e9cd64;54810;Tibú;0581cb8a-97c5-4c38-a2ca-6c1305f30cf5
3e4cb43f-5324-4a5a-900a-a68918fc3f77;54820;Toledo;0581cb8a-97c5-4c38-a2ca-6c1305f30cf5
46323df7-41da-47ff-9211-749c27dadcbe;54871;Villa Caro;0581cb8a-97c5-4c38-a2ca-6c1305f30cf5
7b5c9f58-96b2-4df8-a112-66484e722487;54874;Villa Del Rosario;0581cb8a-97c5-4c38-a2ca-6c1305f30cf5
597e883d-a263-456a-9285-0ff1e375d145;63001;Armenia;b1789925-1ca4-4f9c-a6d9-0ffad50c5f22
2e6d3576-3fb0-48ce-aea2-45385c83152c;63111;Buenavista;b1789925-1ca4-4f9c-a6d9-0ffad50c5f22
ae9338f6-225c-4e3e-b682-1a9bf8dbc5b7;63130;Calarcá;b1789925-1ca4-4f9c-a6d9-0ffad50c5f22
6cf3b7ea-7bec-4bd4-a364-830e28eb0030;63190;Circasia;b1789925-1ca4-4f9c-a6d9-0ffad50c5f22
88f01e02-8689-49b1-b2b1-6dec7fbeff63;63212;Córdoba;b1789925-1ca4-4f9c-a6d9-0ffad50c5f22
f25a80e9-672a-45d0-a53d-42cd91652072;63272;Filandia;b1789925-1ca4-4f9c-a6d9-0ffad50c5f22
ab690a6f-7260-456c-b49d-debe344abd29;63302;Génova;b1789925-1ca4-4f9c-a6d9-0ffad50c5f22
f91e520b-56cd-42bc-9bbd-ed50e998e6ca;63401;La Tebaida;b1789925-1ca4-4f9c-a6d9-0ffad50c5f22
804ba0cb-b991-4861-8401-fe8f29d667fa;63470;Montenegro;b1789925-1ca4-4f9c-a6d9-0ffad50c5f22
eae4efa3-0040-43a5-a04e-5b7415d3dcce;63548;Pijao;b1789925-1ca4-4f9c-a6d9-0ffad50c5f22
39d09699-8cd0-4f46-9c07-2f454cf05193;63594;Quimbaya;b1789925-1ca4-4f9c-a6d9-0ffad50c5f22
d9eb99a4-b68d-4e96-9249-0a8b9c8fc496;63690;Salento;b1789925-1ca4-4f9c-a6d9-0ffad50c5f22
f08f0cae-9819-488b-a8cf-d2105e251120;66001;Pereira;99551a7e-63ce-4584-82ed-a583a568d57f
ee5f92e0-9b26-477e-b04b-92f55d9af71b;66045;Apía;99551a7e-63ce-4584-82ed-a583a568d57f
fcc327c4-7e89-4a7d-9402-cfdcc525317e;66075;Balboa;99551a7e-63ce-4584-82ed-a583a568d57f
6d4a0ebc-b5df-431b-9a4c-e34234cbf481;66088;Belén De Umbría;99551a7e-63ce-4584-82ed-a583a568d57f
49db6b69-f669-48f7-95a8-feac63abba5d;66170;Dosquebradas;99551a7e-63ce-4584-82ed-a583a568d57f
078699af-37e1-494b-8e98-c4cc61c05abb;66318;Guática;99551a7e-63ce-4584-82ed-a583a568d57f
be314995-9912-4e1c-94bd-a74604d21e56;66383;La Celia;99551a7e-63ce-4584-82ed-a583a568d57f
d522af04-6370-4c87-85d2-f7ce4ec9d708;66400;La Virginia;99551a7e-63ce-4584-82ed-a583a568d57f
9141f1e1-7480-4616-9f6b-2d7401130136;66440;Marsella;99551a7e-63ce-4584-82ed-a583a568d57f
30efd978-4eee-413c-b91a-fc48fca2e0f1;66456;Mistrató;99551a7e-63ce-4584-82ed-a583a568d57f
eb597ce4-f60f-4eda-a5a6-b66740b9e1bf;66572;Pueblo Rico;99551a7e-63ce-4584-82ed-a583a568d57f
a6b651af-0f39-4a83-acb5-ca9436667cb9;66594;Quinchía;99551a7e-63ce-4584-82ed-a583a568d57f
0d5f44a1-3e70-406d-8537-54f0c4280486;66682;Santa Rosa De Cabal;99551a7e-63ce-4584-82ed-a583a568d57f
e0707862-da25-4d30-97dd-0e95489639f4;66687;Santuario;99551a7e-63ce-4584-82ed-a583a568d57f
53face69-48be-48ef-bdcf-7a2cadca4dca;68001;Bucaramanga;54a729f4-4c16-403e-a209-dddc1e0135a0
f59777be-3084-4f01-8431-aafcc14700de;68013;Aguada;54a729f4-4c16-403e-a209-dddc1e0135a0
95b6c0b3-8f45-42f5-9d48-37a560a16878;68020;Albania;54a729f4-4c16-403e-a209-dddc1e0135a0
8a5c05b8-4b2d-4ca1-976f-b5aa0cd8d18a;68051;Aratoca;54a729f4-4c16-403e-a209-dddc1e0135a0
ce22ae19-70e0-422e-a71b-f63a610b4f71;68077;Barbosa;54a729f4-4c16-403e-a209-dddc1e0135a0
2d92c079-9300-48b0-b79a-604d4660ab2b;68079;Barichara;54a729f4-4c16-403e-a209-dddc1e0135a0
058f2c2d-1d87-4634-bd57-b9fbd5ef6b21;68081;Barrancabermeja;54a729f4-4c16-403e-a209-dddc1e0135a0
1c9b0f52-cde1-49d7-89ab-831d67857364;68092;Betulia;54a729f4-4c16-403e-a209-dddc1e0135a0
55f5ce54-070b-451d-bc88-153fce7bc487;68101;Bolívar;54a729f4-4c16-403e-a209-dddc1e0135a0
7cdb9ab3-9031-461e-8458-324274ad283e;68121;Cabrera;54a729f4-4c16-403e-a209-dddc1e0135a0
c8f8846a-dbb5-430b-bab1-6d6101f006a0;68132;California;54a729f4-4c16-403e-a209-dddc1e0135a0
0de99471-64c9-4a71-bb7a-b8ddf4afb100;68147;Capitanejo;54a729f4-4c16-403e-a209-dddc1e0135a0
8d39ac52-d147-44df-94f9-27d005f1b625;68152;Carcasí;54a729f4-4c16-403e-a209-dddc1e0135a0
fa4ad1c3-5f55-41e5-a1ed-2c3221a417ce;68160;Cepitá;54a729f4-4c16-403e-a209-dddc1e0135a0
d2d36b94-2582-4334-ab30-520761c19d74;68162;Cerrito;54a729f4-4c16-403e-a209-dddc1e0135a0
9f3dd981-8edf-402e-acec-ffa239312a79;68167;Charalá;54a729f4-4c16-403e-a209-dddc1e0135a0
3a1065e0-06a4-4dbf-8010-dc430fe18be5;68169;Charta;54a729f4-4c16-403e-a209-dddc1e0135a0
8e9dce51-a3e7-4a74-9327-0d5c92b3f46a;68176;Chima;54a729f4-4c16-403e-a209-dddc1e0135a0
f41ad8fc-dbe5-407e-80bd-51507e5e8074;68179;Chipatá;54a729f4-4c16-403e-a209-dddc1e0135a0
2b474386-2a9d-47c2-aa52-b33065d29760;68190;Cimitarra;54a729f4-4c16-403e-a209-dddc1e0135a0
8fdf524b-bd08-453b-b3a7-66222e3bf81d;68207;Concepción;54a729f4-4c16-403e-a209-dddc1e0135a0
3b95d40b-7d0b-49d4-9fdd-0b344585f474;68209;Confines;54a729f4-4c16-403e-a209-dddc1e0135a0
8cdf88b1-bd45-4f4e-a60c-b8b3f2badb10;68211;Contratación;54a729f4-4c16-403e-a209-dddc1e0135a0
ce66df5f-a7da-4c45-bb4f-35663826d2dc;68217;Coromoro;54a729f4-4c16-403e-a209-dddc1e0135a0
7c59808b-bfe9-4fbb-b626-52d5d61095dc;68229;Curití;54a729f4-4c16-403e-a209-dddc1e0135a0
22765ae3-13fa-4ce0-8c80-8874a999171b;68235;El Carmen De Chucuri;54a729f4-4c16-403e-a209-dddc1e0135a0
0e7dbb97-0e54-4543-b7ca-ebf4cee92f11;68245;El Guacamayo;54a729f4-4c16-403e-a209-dddc1e0135a0
654485e2-784b-48fd-835a-a442719e9f73;68250;El Peñón;54a729f4-4c16-403e-a209-dddc1e0135a0
3560637c-a1a9-4e34-a553-67b98cf102e2;68255;El Playón;54a729f4-4c16-403e-a209-dddc1e0135a0
cb6f95f3-fcdd-4c0e-8183-4087ed790023;68264;Encino;54a729f4-4c16-403e-a209-dddc1e0135a0
11c3ed55-77c4-49ed-bc9f-df865975fef2;68266;Enciso;54a729f4-4c16-403e-a209-dddc1e0135a0
3ab538e5-f23c-4d4b-84c5-32616a89796a;68271;Florián;54a729f4-4c16-403e-a209-dddc1e0135a0
0e109840-ca72-4ab8-a6e6-b9fd4a62647b;68276;Floridablanca;54a729f4-4c16-403e-a209-dddc1e0135a0
712307f0-998e-41d4-986e-5c8194df412f;68296;Galán;54a729f4-4c16-403e-a209-dddc1e0135a0
9347b205-ef30-45e4-b44e-6f48af12210b;68298;Gámbita;54a729f4-4c16-403e-a209-dddc1e0135a0
97c4fbf8-2955-423b-8a88-948ce2ad5110;68307;Girón;54a729f4-4c16-403e-a209-dddc1e0135a0
dd81e27a-98d1-40f0-a3ba-fdf54c4a9441;68318;Guaca;54a729f4-4c16-403e-a209-dddc1e0135a0
dab41eaa-de5f-4622-9a7e-4d7e20baab73;68320;Guadalupe;54a729f4-4c16-403e-a209-dddc1e0135a0
33315bee-7e12-4442-a91a-0d84efe218cc;68322;Guapotá;54a729f4-4c16-403e-a209-dddc1e0135a0
f7aa0e72-1503-4beb-8125-7a8115b0a0f3;68324;Guavatá;54a729f4-4c16-403e-a209-dddc1e0135a0
a66c7381-07e8-47ec-93c6-7ccfa132f222;68327;Güepsa;54a729f4-4c16-403e-a209-dddc1e0135a0
d6bfdf8f-1744-438e-814c-33ba2d15d9d1;68344;Hato;54a729f4-4c16-403e-a209-dddc1e0135a0
e6f2f941-9397-42b8-bdec-968120755781;68368;Jesús María;54a729f4-4c16-403e-a209-dddc1e0135a0
7b423aa5-3757-4fef-a704-0826236c2f5f;68370;Jordán;54a729f4-4c16-403e-a209-dddc1e0135a0
8543c8ef-1fa9-441a-96e0-d31577e6c018;68377;La Belleza;54a729f4-4c16-403e-a209-dddc1e0135a0
c9e3d83a-1353-42a0-84da-976db7a5093e;68385;Landázuri;54a729f4-4c16-403e-a209-dddc1e0135a0
8635d378-be3a-486a-aa04-b1069c48ace6;68397;La Paz;54a729f4-4c16-403e-a209-dddc1e0135a0
1d2b1ed7-d08c-4bc4-b21a-d8bcc250f089;68406;Lebrija;54a729f4-4c16-403e-a209-dddc1e0135a0
677a845c-3a51-4d83-916d-934aa125e66d;68418;Los Santos;54a729f4-4c16-403e-a209-dddc1e0135a0
6fc65823-ab83-4794-bf32-756ed97ebcc9;68425;Macaravita;54a729f4-4c16-403e-a209-dddc1e0135a0
14f10b90-d852-417d-adbb-48e9bf7ccb66;68432;Málaga;54a729f4-4c16-403e-a209-dddc1e0135a0
c56762de-20e4-44a0-9683-12dd0a310aef;68444;Matanza;54a729f4-4c16-403e-a209-dddc1e0135a0
5a83e066-d3f3-4eec-8012-bd247113e4d4;68464;Mogotes;54a729f4-4c16-403e-a209-dddc1e0135a0
28832024-4e30-47dd-b74f-28312a409a84;68468;Molagavita;54a729f4-4c16-403e-a209-dddc1e0135a0
070b4391-58da-4fd0-8b48-0b424d6dfda0;68498;Ocamonte;54a729f4-4c16-403e-a209-dddc1e0135a0
eb1bbc27-f1f5-458c-9ad0-a8fb8218b7ef;68500;Oiba;54a729f4-4c16-403e-a209-dddc1e0135a0
afded42d-a063-4911-929e-628b23c23ab3;68502;Onzaga;54a729f4-4c16-403e-a209-dddc1e0135a0
39cd5379-575d-459f-826c-920088687c4b;68522;Palmar;54a729f4-4c16-403e-a209-dddc1e0135a0
4e66e55f-795a-4171-a9bd-7d7036bb44ce;68524;Palmas Del Socorro;54a729f4-4c16-403e-a209-dddc1e0135a0
be8301f3-c6fb-4eae-bbf5-7393da3430e0;68533;Páramo;54a729f4-4c16-403e-a209-dddc1e0135a0
9629f75e-e40d-4f30-90f9-c4fb17620d85;68547;Piedecuesta;54a729f4-4c16-403e-a209-dddc1e0135a0
1e49a1b9-7cdd-4289-b9ee-b31973af4fb1;68549;Pinchote;54a729f4-4c16-403e-a209-dddc1e0135a0
7b2b7396-e196-451a-b657-4943cdb6e6b1;68572;Puente Nacional;54a729f4-4c16-403e-a209-dddc1e0135a0
e2d8e270-c5eb-4d69-b8ce-f936fe1db864;68573;Puerto Parra;54a729f4-4c16-403e-a209-dddc1e0135a0
2b4baa03-915b-468b-986d-23e36a91e140;68575;Puerto Wilches;54a729f4-4c16-403e-a209-dddc1e0135a0
a8a1047e-b06c-42c7-a62a-8ff0fbdb533c;68615;Rionegro;54a729f4-4c16-403e-a209-dddc1e0135a0
bf4ea7d6-22e9-4427-afe4-2dc0c3cdadfb;68655;Sabana De Torres;54a729f4-4c16-403e-a209-dddc1e0135a0
08aeb665-5127-40f8-be69-a2cd2083cd55;68669;San Andrés;54a729f4-4c16-403e-a209-dddc1e0135a0
1b664df1-6707-4f88-99b5-02fcf3f22eae;68673;San Benito;54a729f4-4c16-403e-a209-dddc1e0135a0
10b23bac-ca8b-4ee9-a133-d6d779ab2ab3;68679;San Gil;54a729f4-4c16-403e-a209-dddc1e0135a0
14897428-1c3e-4c68-a4ed-340ad7ef80ee;68682;San Joaquín;54a729f4-4c16-403e-a209-dddc1e0135a0
771cea8a-810f-4a6c-b9a3-513f2126f346;68684;San José De Miranda;54a729f4-4c16-403e-a209-dddc1e0135a0
b17d8ca0-10b4-454f-a0d7-d742fd3779d4;68686;San Miguel;54a729f4-4c16-403e-a209-dddc1e0135a0
c98f9f5f-67e3-40c2-b403-affd0793602a;68689;San Vicente De Chucurí;54a729f4-4c16-403e-a209-dddc1e0135a0
8294acf0-3dfd-45f4-af59-a98f4fb9d9f5;68705;Santa Bárbara;54a729f4-4c16-403e-a209-dddc1e0135a0
89f506da-0159-422b-95a1-47a0fb74da63;68720;Santa Helena Del Opón;54a729f4-4c16-403e-a209-dddc1e0135a0
26acb653-f861-4957-a463-40a286585b39;68745;Simacota;54a729f4-4c16-403e-a209-dddc1e0135a0
944f180d-0e7d-40db-a24c-480a911e0da9;68755;Socorro;54a729f4-4c16-403e-a209-dddc1e0135a0
008b16aa-4c2f-4dd6-9235-59aa0fdad2ff;68770;Suaita;54a729f4-4c16-403e-a209-dddc1e0135a0
e6befadc-4f98-48e9-b051-f38230262eb5;68773;Sucre;54a729f4-4c16-403e-a209-dddc1e0135a0
54e9a30b-d777-496c-9a4e-870d77c055b5;68780;Suratá;54a729f4-4c16-403e-a209-dddc1e0135a0
502a8ba3-761a-4012-884b-c521d628f7c0;68820;Tona;54a729f4-4c16-403e-a209-dddc1e0135a0
f4c8f335-c066-4596-9b8f-a9426900412b;68855;Valle De San José;54a729f4-4c16-403e-a209-dddc1e0135a0
e13d1fef-8a8b-4f2e-bec8-b3bf35b536da;68861;Vélez;54a729f4-4c16-403e-a209-dddc1e0135a0
b17e03c4-0da7-462a-aedb-56fc37b5fc05;68867;Vetas;54a729f4-4c16-403e-a209-dddc1e0135a0
6b3118ca-8179-4c09-a121-1831b5af6ec7;68872;Villanueva;54a729f4-4c16-403e-a209-dddc1e0135a0
73dae48c-1be2-40f5-abed-c759e053818b;68895;Zapatoca;54a729f4-4c16-403e-a209-dddc1e0135a0
b0684727-a31e-406f-a6be-8f7603a56f46;70001;Sincelejo;dc46627c-0e3e-4990-8c11-2bddc56040a6
4367e6b6-b188-4702-a869-8cfbefb7073f;70110;Buenavista;dc46627c-0e3e-4990-8c11-2bddc56040a6
b14c5bef-0329-4b25-aa97-9753b3aaff3f;70124;Caimito;dc46627c-0e3e-4990-8c11-2bddc56040a6
ccd12f93-bbe6-4a2f-9f2b-f4baa90c09c1;70204;Colosó;dc46627c-0e3e-4990-8c11-2bddc56040a6
ac20c3a0-a7b1-4c03-868f-8dc46cec6f55;70215;Corozal;dc46627c-0e3e-4990-8c11-2bddc56040a6
ac781b5d-2483-404a-b214-e935682cc42f;70221;Coveñas;dc46627c-0e3e-4990-8c11-2bddc56040a6
a16a5b05-599e-469b-b083-9c74c5d72e69;70230;Chalán;dc46627c-0e3e-4990-8c11-2bddc56040a6
77b7f186-364e-4386-b5b5-bd3f1ea13f78;70233;El Roble;dc46627c-0e3e-4990-8c11-2bddc56040a6
b176c707-0e62-489f-be5f-e60b2964d084;70235;Galeras;dc46627c-0e3e-4990-8c11-2bddc56040a6
19da0285-6977-407e-ab48-84180bed4ce3;70265;Guaranda;dc46627c-0e3e-4990-8c11-2bddc56040a6
fc395546-f0f2-46f3-af11-580ab5468594;70400;La Unión;dc46627c-0e3e-4990-8c11-2bddc56040a6
0b567d3f-da48-4132-8fa8-88ff55ed4524;70418;Los Palmitos;dc46627c-0e3e-4990-8c11-2bddc56040a6
52c4d9c3-164e-4d29-90d2-a7ae6aeb8369;70429;Majagual;dc46627c-0e3e-4990-8c11-2bddc56040a6
cf0b6b64-f4c6-4482-abde-b7de90587896;70473;Morroa;dc46627c-0e3e-4990-8c11-2bddc56040a6
1a4999fc-37a1-436e-b04c-ca5cffdac78d;70508;Ovejas;dc46627c-0e3e-4990-8c11-2bddc56040a6
e46470fe-aff4-4ca7-9be0-2228384416ef;70523;Palmito;dc46627c-0e3e-4990-8c11-2bddc56040a6
c5136709-5571-43c4-bc31-af2fd6f6c5c4;70670;Sampués;dc46627c-0e3e-4990-8c11-2bddc56040a6
b6fefce3-b61e-4392-b04d-b6c918724398;70678;San Benito Abad;dc46627c-0e3e-4990-8c11-2bddc56040a6
b82a7fc3-10fa-4192-aa30-7d99a8e289b3;70702;San Juan De Betulia;dc46627c-0e3e-4990-8c11-2bddc56040a6
0d656f8a-8eef-4709-9bef-0023726361ea;70708;San Marcos;dc46627c-0e3e-4990-8c11-2bddc56040a6
54839aa8-02e3-4857-ae44-e6d5e59d4324;70713;San Onofre;dc46627c-0e3e-4990-8c11-2bddc56040a6
19fa7c10-a75e-41db-98f9-925fe522cd2c;70717;San Pedro;dc46627c-0e3e-4990-8c11-2bddc56040a6
90886d83-7538-4674-b46b-9d5c5c47fa84;70742;San Luis De Sincé;dc46627c-0e3e-4990-8c11-2bddc56040a6
791991a1-00f3-4f46-adee-f60b6c0b5f0a;70771;Sucre;dc46627c-0e3e-4990-8c11-2bddc56040a6
be482c44-58df-4e78-b4ae-8d23f26d3a97;70820;Santiago De Tolú;dc46627c-0e3e-4990-8c11-2bddc56040a6
57c41479-07bd-4711-b494-afb3c333fcd0;70823;San José De Toluviejo;dc46627c-0e3e-4990-8c11-2bddc56040a6
67bae8a5-fb95-48d7-bbb2-6ca30b0a31ac;73001;Ibagué;55ab1c6c-6184-4737-9021-dfe55955b2cf
36157784-c8ba-4e55-b859-0e60d649ae8c;73024;Alpujarra;55ab1c6c-6184-4737-9021-dfe55955b2cf
f93a2df9-0957-481c-bae4-e6a62acbc499;73026;Alvarado;55ab1c6c-6184-4737-9021-dfe55955b2cf
c079aaeb-ad4e-478c-ac4c-c59a8dac8407;73030;Ambalema;55ab1c6c-6184-4737-9021-dfe55955b2cf
126cc3b4-19c0-4b66-9302-681be96ab603;73043;Anzoátegui;55ab1c6c-6184-4737-9021-dfe55955b2cf
5708bef4-abe9-4d1e-82fa-50fd9fd3e4a4;73055;Armero;55ab1c6c-6184-4737-9021-dfe55955b2cf
7837f555-da89-4904-bcca-93dbf4cf6d5a;73067;Ataco;55ab1c6c-6184-4737-9021-dfe55955b2cf
72cc0200-fcff-45bc-bb6e-7d20ab39864d;73124;Cajamarca;55ab1c6c-6184-4737-9021-dfe55955b2cf
ab2758ec-bee5-4c61-8dd4-b3a81bce13be;73148;Carmen De Apicalá;55ab1c6c-6184-4737-9021-dfe55955b2cf
b5c5a37d-4379-4a9b-804f-552c85c6b3a5;73152;Casabianca;55ab1c6c-6184-4737-9021-dfe55955b2cf
e60879bf-5d9e-46d3-86dc-0092ebabfbc3;73168;Chaparral;55ab1c6c-6184-4737-9021-dfe55955b2cf
787d3f2d-4363-4407-b0bb-0195f20f843d;73200;Coello;55ab1c6c-6184-4737-9021-dfe55955b2cf
fa2c91a1-2a30-4237-97b9-6aaa37a4aba0;73217;Coyaima;55ab1c6c-6184-4737-9021-dfe55955b2cf
e614f92a-b3ef-40f4-9d78-9f00d601edbe;73226;Cunday;55ab1c6c-6184-4737-9021-dfe55955b2cf
3d1bd2d2-923e-404c-a8a3-44878b0c07cf;73236;Dolores;55ab1c6c-6184-4737-9021-dfe55955b2cf
12633ff3-1eb3-4960-acab-5873cd4cb0c8;73268;Espinal;55ab1c6c-6184-4737-9021-dfe55955b2cf
f5e683f9-5495-446f-9840-e912efc220b8;73270;Falan;55ab1c6c-6184-4737-9021-dfe55955b2cf
f7b055d1-816f-4ee2-9695-f5f2bc0eaf4f;73275;Flandes;55ab1c6c-6184-4737-9021-dfe55955b2cf
e752a84f-7f3a-4d88-90d9-c64855949ef2;73283;Fresno;55ab1c6c-6184-4737-9021-dfe55955b2cf
675eceff-57bc-4951-93d6-7298497ff4d2;73319;Guamo;55ab1c6c-6184-4737-9021-dfe55955b2cf
2ee73710-e757-48b5-8ac1-2bac4156467c;73347;Herveo;55ab1c6c-6184-4737-9021-dfe55955b2cf
eae2aca4-5715-4c66-a4ad-0f289a661b10;73349;Honda;55ab1c6c-6184-4737-9021-dfe55955b2cf
fb80393f-033e-4d06-8061-f4db1e484865;73352;Icononzo;55ab1c6c-6184-4737-9021-dfe55955b2cf
79273ca4-2156-4b11-a68e-7643cdb4124c;73408;Lérida;55ab1c6c-6184-4737-9021-dfe55955b2cf
0a65aa05-ae3e-46d5-ad3c-329ef3264ced;73411;Líbano;55ab1c6c-6184-4737-9021-dfe55955b2cf
61cea990-1c86-42bf-993e-8ebe2820cfec;73443;San Sebastián De Mariquita;55ab1c6c-6184-4737-9021-dfe55955b2cf
ed782a12-e711-4b7f-a701-3565f897d1b8;73449;Melgar;55ab1c6c-6184-4737-9021-dfe55955b2cf
46f11c3c-9fb0-4c13-9331-bda2904cd68b;73461;Murillo;55ab1c6c-6184-4737-9021-dfe55955b2cf
1e14a2b8-dd29-4507-96f8-644a7c0f6b8b;73483;Natagaima;55ab1c6c-6184-4737-9021-dfe55955b2cf
934cceac-738b-45ca-b01c-a3acc92fc33e;73504;Ortega;55ab1c6c-6184-4737-9021-dfe55955b2cf
31aca67a-7206-4375-a7c2-025ca6744420;73520;Palocabildo;55ab1c6c-6184-4737-9021-dfe55955b2cf
c29f1e18-16bd-414c-bf65-c4a2555c77e0;73547;Piedras;55ab1c6c-6184-4737-9021-dfe55955b2cf
89ea3923-b566-4cb4-ba4c-e3db45e03d00;73555;Planadas;55ab1c6c-6184-4737-9021-dfe55955b2cf
b89a5798-deca-469b-8d15-24349f6c4b8d;73563;Prado;55ab1c6c-6184-4737-9021-dfe55955b2cf
daf8babe-5de7-4ab7-b0d7-b63eeba42f3a;73585;Purificación;55ab1c6c-6184-4737-9021-dfe55955b2cf
76b55644-9201-438e-97f4-db31236cea5b;73616;Rioblanco;55ab1c6c-6184-4737-9021-dfe55955b2cf
8d664a13-a293-4ca6-a751-8ec67293c1e7;73622;Roncesvalles;55ab1c6c-6184-4737-9021-dfe55955b2cf
5d8894df-dd7e-43c2-9c6a-8a2193106e4b;73624;Rovira;55ab1c6c-6184-4737-9021-dfe55955b2cf
329a23ee-b104-418b-9a5b-be2416e7ac38;73671;Saldaña;55ab1c6c-6184-4737-9021-dfe55955b2cf
6ff7fa3d-626b-4bb1-a81e-b30f60dc8829;73675;San Antonio;55ab1c6c-6184-4737-9021-dfe55955b2cf
e4f964e0-e459-458e-ba29-b00cd6205dee;73678;San Luis;55ab1c6c-6184-4737-9021-dfe55955b2cf
233d86bb-3494-4d6d-bdac-63d61123031b;73686;Santa Isabel;55ab1c6c-6184-4737-9021-dfe55955b2cf
81ff70c2-39df-4bc0-a454-18c2c169f333;73770;Suárez;55ab1c6c-6184-4737-9021-dfe55955b2cf
aabb7d46-e350-484f-b0c3-7d81e03305b6;73854;Valle De San Juan;55ab1c6c-6184-4737-9021-dfe55955b2cf
0856aedc-a04c-43c7-9816-e90488a9d0d9;73861;Venadillo;55ab1c6c-6184-4737-9021-dfe55955b2cf
35effda6-b190-4d58-af89-a899568cf7fd;73870;Villahermosa;55ab1c6c-6184-4737-9021-dfe55955b2cf
85a36188-167a-4099-afde-8195747edd80;73873;Villarrica;55ab1c6c-6184-4737-9021-dfe55955b2cf
cf42bd1d-d068-4f4f-a861-09b30757dff3;76001;Cali;ef891b6c-bb85-45b2-9899-2e311a0ed942
8c1f3d49-2da5-42ea-8ec2-f64a87537930;76020;Alcalá;ef891b6c-bb85-45b2-9899-2e311a0ed942
e02497fa-ec78-4217-8bff-25da1b8ea13e;76036;Andalucía;ef891b6c-bb85-45b2-9899-2e311a0ed942
3a687872-3580-4923-abcb-1ed49226af59;76041;Ansermanuevo;ef891b6c-bb85-45b2-9899-2e311a0ed942
d3d813e2-1aef-4899-906d-c8d295031ab4;76054;Argelia;ef891b6c-bb85-45b2-9899-2e311a0ed942
ab4e648a-ef8b-46c4-b428-3e0763c6dba8;76100;Bolívar;ef891b6c-bb85-45b2-9899-2e311a0ed942
ba3ce8d5-7112-46ee-9c4f-5a14af6d81e6;76109;Buenaventura;ef891b6c-bb85-45b2-9899-2e311a0ed942
17be46ed-84ab-4eae-ad8f-cc5680d1a0a7;76111;Guadalajara De Buga;ef891b6c-bb85-45b2-9899-2e311a0ed942
2b27954e-f825-4b86-aebc-c30037631c2c;76113;Bugalagrande;ef891b6c-bb85-45b2-9899-2e311a0ed942
4e2a5618-2fe7-4250-b1e5-9a7e6a546068;76122;Caicedonia;ef891b6c-bb85-45b2-9899-2e311a0ed942
b4af07fb-04fb-424d-93d8-a4746e0c7c72;76126;Calima;ef891b6c-bb85-45b2-9899-2e311a0ed942
dd5509dd-f5ee-489c-a28f-bdb59fac2190;76130;Candelaria;ef891b6c-bb85-45b2-9899-2e311a0ed942
f8979293-48be-4e8e-b124-257b1d1ab871;76147;Cartago;ef891b6c-bb85-45b2-9899-2e311a0ed942
1a73a7ad-46af-4c17-a085-6b6b7c4afaa7;76233;Dagua;ef891b6c-bb85-45b2-9899-2e311a0ed942
942f4669-e0f6-4ca3-8304-7786491d3ba9;76243;El Águila;ef891b6c-bb85-45b2-9899-2e311a0ed942
03a946bb-15c2-400a-bfa9-da975e5ae016;76246;El Cairo;ef891b6c-bb85-45b2-9899-2e311a0ed942
3213b3fb-73ed-4f54-a6dd-7eac20410ff2;76248;El Cerrito;ef891b6c-bb85-45b2-9899-2e311a0ed942
705917ad-6931-4ce7-a999-edd69ef0c92b;76250;El Dovio;ef891b6c-bb85-45b2-9899-2e311a0ed942
a7e93457-b94e-4844-8fce-35cffb636372;76275;Florida;ef891b6c-bb85-45b2-9899-2e311a0ed942
4cd607af-e4e1-4971-89ea-6f9931f9b575;76306;Ginebra;ef891b6c-bb85-45b2-9899-2e311a0ed942
16f4f962-b02c-4d31-913a-d74b3be8413d;76318;Guacarí;ef891b6c-bb85-45b2-9899-2e311a0ed942
79e24561-a8fe-4ed6-9838-d4c42ee7e0a5;76364;Jamundí;ef891b6c-bb85-45b2-9899-2e311a0ed942
992c9988-5772-42f6-8634-1015e000b84a;76377;La Cumbre;ef891b6c-bb85-45b2-9899-2e311a0ed942
1f007669-e370-4edc-94ba-6a16cbbb72ad;76400;La Unión;ef891b6c-bb85-45b2-9899-2e311a0ed942
d14c5ae9-a569-4f4d-888a-6af97cf58693;76403;La Victoria;ef891b6c-bb85-45b2-9899-2e311a0ed942
36f7cde6-6bcc-466f-b6a2-4ca04bbc40e0;76497;Obando;ef891b6c-bb85-45b2-9899-2e311a0ed942
6a02dad5-0269-49ba-94d6-4d1dae882280;76520;Palmira;ef891b6c-bb85-45b2-9899-2e311a0ed942
00e4e3d2-3532-4bec-bae6-d72f105beb65;76563;Pradera;ef891b6c-bb85-45b2-9899-2e311a0ed942
4cd323e8-5da9-426d-b036-84b0dee60a40;76606;Restrepo;ef891b6c-bb85-45b2-9899-2e311a0ed942
8df2da20-eaf1-410f-b699-3fd9e55b1b1a;76616;Riofrío;ef891b6c-bb85-45b2-9899-2e311a0ed942
e60621ea-2006-40ce-8090-1d34939d9ca7;76622;Roldanillo;ef891b6c-bb85-45b2-9899-2e311a0ed942
689eac6b-62cb-47b0-b71e-70c433718c76;76670;San Pedro;ef891b6c-bb85-45b2-9899-2e311a0ed942
49e8ea3c-c2e8-49b8-9615-86ae907fcc4b;76736;Sevilla;ef891b6c-bb85-45b2-9899-2e311a0ed942
f81d269e-adad-4a08-a684-3bbfe3ff436b;76823;Toro;ef891b6c-bb85-45b2-9899-2e311a0ed942
adbab253-57f2-41a1-ac5f-ee21bf01123a;76828;Trujillo;ef891b6c-bb85-45b2-9899-2e311a0ed942
3fa102fa-fd9b-40b7-84d0-74f6c76acd72;76834;Tuluá;ef891b6c-bb85-45b2-9899-2e311a0ed942
3c27d992-6e5c-4987-a494-dbfd57882dd1;76845;Ulloa;ef891b6c-bb85-45b2-9899-2e311a0ed942
a6a3ef74-d737-4b01-8964-2ee4fd2ea146;76863;Versalles;ef891b6c-bb85-45b2-9899-2e311a0ed942
ffc421a8-e71f-485f-9873-792a78d27d45;76869;Vijes;ef891b6c-bb85-45b2-9899-2e311a0ed942
1a1e5d42-4535-4c2e-b18f-2982b73f7743;76890;Yotoco;ef891b6c-bb85-45b2-9899-2e311a0ed942
e734fc02-a9f2-4a0d-8f65-925ff348b237;76892;Yumbo;ef891b6c-bb85-45b2-9899-2e311a0ed942
b6154d0b-5a41-499c-8393-a75dbccf4c46;76895;Zarzal;ef891b6c-bb85-45b2-9899-2e311a0ed942
2c23dace-b6c3-40b9-8804-d9031d68c065;81001;Arauca;465eb70b-377d-4034-ab1d-bf779edcf404
13046fb1-a8e7-47bb-b8df-6cea0f775c35;81065;Arauquita;465eb70b-377d-4034-ab1d-bf779edcf404
bcb80e5f-faaa-4a5a-825c-afe2bc2e9c83;81220;Cravo Norte;465eb70b-377d-4034-ab1d-bf779edcf404
0471a84a-8c28-4f83-9698-e74f5fb57cd8;81300;Fortul;465eb70b-377d-4034-ab1d-bf779edcf404
a166a428-16f9-43a0-8e25-a7db1132cedf;81591;Puerto Rondón;465eb70b-377d-4034-ab1d-bf779edcf404
9f2c7c46-bab4-44f8-a092-a215c565191a;81736;Saravena;465eb70b-377d-4034-ab1d-bf779edcf404
cf8205f2-2f30-4ac3-926e-f9bb897107c9;81794;Tame;465eb70b-377d-4034-ab1d-bf779edcf404
f6a40de8-4d7e-44c7-bc29-edf6ed3f3166;85001;Yopal;fffc97dc-d2a4-46e2-8282-262e6abdcadf
27e7364f-2256-464b-90bf-5eb9eec5266e;85010;Aguazul;fffc97dc-d2a4-46e2-8282-262e6abdcadf
4d6a5dbc-be5b-4f9b-a2a4-d17c1288201a;85015;Chámeza;fffc97dc-d2a4-46e2-8282-262e6abdcadf
cf8a7167-d1a9-4c59-b1d3-92f4327c8a34;85125;Hato Corozal;fffc97dc-d2a4-46e2-8282-262e6abdcadf
24774607-967b-4c56-807a-2dd3bbb86900;85136;La Salina;fffc97dc-d2a4-46e2-8282-262e6abdcadf
8219361d-1594-4f75-a0ee-af2e386813fe;85139;Maní;fffc97dc-d2a4-46e2-8282-262e6abdcadf
ab8f7d1c-d59b-47f2-b9b2-b64a0ea6b54c;85162;Monterrey;fffc97dc-d2a4-46e2-8282-262e6abdcadf
9af75183-1ff9-4d10-8029-41688a9d4d16;85225;Nunchía;fffc97dc-d2a4-46e2-8282-262e6abdcadf
18979f1f-76f8-4f4c-8cb4-6f7f0b6c47f9;85230;Orocué;fffc97dc-d2a4-46e2-8282-262e6abdcadf
8467768f-c1ca-4bd4-9f2e-1a219f12d30c;85250;Paz De Ariporo;fffc97dc-d2a4-46e2-8282-262e6abdcadf
5834a7ff-e67e-4500-8405-51adbed56e19;85263;Pore;fffc97dc-d2a4-46e2-8282-262e6abdcadf
4895d4bf-e611-447a-b25c-21a1a02c2733;85279;Recetor;fffc97dc-d2a4-46e2-8282-262e6abdcadf
5f8c218e-c4e5-4a81-aad2-538d5f92c1f9;85300;Sabanalarga;fffc97dc-d2a4-46e2-8282-262e6abdcadf
4c153816-e546-4f3d-bee9-6145407418aa;85315;Sácama;fffc97dc-d2a4-46e2-8282-262e6abdcadf
8e5d78f0-a7a8-4dec-82b6-7a10392d99a0;85325;San Luis De Palenque;fffc97dc-d2a4-46e2-8282-262e6abdcadf
696f1c0b-35fb-4285-8361-324d80c28862;85400;Támara;fffc97dc-d2a4-46e2-8282-262e6abdcadf
9e6cd08c-f0f5-42f3-91e5-895ef0e40a5b;85410;Tauramena;fffc97dc-d2a4-46e2-8282-262e6abdcadf
b14def9b-f59d-45de-b05c-e0110dae6b9d;85430;Trinidad;fffc97dc-d2a4-46e2-8282-262e6abdcadf
4bcc0f7f-c1b9-4638-af21-979abe745887;85440;Villanueva;fffc97dc-d2a4-46e2-8282-262e6abdcadf
30593b2b-ab21-4a7e-94f3-feac3391dfb1;86001;Mocoa;db79599c-022c-4847-8551-205e73d474d8
47bee639-ab8b-4663-a003-5289280ceda3;86219;Colón;db79599c-022c-4847-8551-205e73d474d8
874c3414-34e2-4960-8c15-304548e72bb9;86320;Orito;db79599c-022c-4847-8551-205e73d474d8
284cf9d2-e6ab-4f7f-bdac-ba01e7bd97b7;86568;Puerto Asís;db79599c-022c-4847-8551-205e73d474d8
aaa45603-ccd2-4fde-b33a-2977e58f6cdd;86569;Puerto Caicedo;db79599c-022c-4847-8551-205e73d474d8
3677d7c3-4f61-48f3-b930-1edb18567448;86571;Puerto Guzmán;db79599c-022c-4847-8551-205e73d474d8
4cd81518-cd58-44f9-b76d-4df4ab27a98d;86573;Puerto Leguízamo;db79599c-022c-4847-8551-205e73d474d8
56456d2e-2b83-4a0e-85e9-db70388eaa2d;86749;Sibundoy;db79599c-022c-4847-8551-205e73d474d8
322490a1-f3b9-43e9-8c01-c43e2b71a6b0;86755;San Francisco;db79599c-022c-4847-8551-205e73d474d8
fc03ab2a-4b0c-454d-8caf-29de48824fc7;86757;San Miguel;db79599c-022c-4847-8551-205e73d474d8
e922af46-3fc8-4dde-9db1-e3ebb0acb45f;86760;Santiago;db79599c-022c-4847-8551-205e73d474d8
cde763dd-3141-467d-9f17-963b7b21d438;86865;Valle Del Guamuez;db79599c-022c-4847-8551-205e73d474d8
a40ae083-0d25-4dc9-8de6-41a93ba81939;86885;Villagarzón;db79599c-022c-4847-8551-205e73d474d8
8664eccd-c87d-48c9-b1f9-6f5068186a7d;88001;San Andrés;4baf6c55-0ad5-46bb-b8e9-683e16a9f86b
fca97372-24f0-4015-98e6-9d0debc0b099;88564;Providencia;4baf6c55-0ad5-46bb-b8e9-683e16a9f86b
50adcfd3-526d-422f-bfb1-257e2a2bf849;91001;Leticia;bf82dd95-ab24-43cc-86a1-691b096e46d4
132f0ff1-a274-4ac7-a3c0-be850e7b3ebd;91540;Puerto Nariño;bf82dd95-ab24-43cc-86a1-691b096e46d4
bd1dfc3c-5dcd-4805-9a44-f0d776c10b59;94001;Inírida;106492f9-5524-48c4-8532-e405c78a90c0
a7ddc570-0528-4dac-bbb5-1a6b82a8e054;94343;Barrancominas;106492f9-5524-48c4-8532-e405c78a90c0
1dd64700-b32f-43bf-b975-bbc938824b25;95001;San José Del Guaviare;14a2a3ca-0dae-4027-a938-0cf88b11180c
75dcd14d-abfc-4233-a62b-b776f6953560;95015;Calamar;14a2a3ca-0dae-4027-a938-0cf88b11180c
b67644f9-49b5-4a47-abf6-9aa315370f5c;95025;El Retorno;14a2a3ca-0dae-4027-a938-0cf88b11180c
6ef17f86-0a73-4229-b8dc-4c32bec537e0;95200;Miraflores;14a2a3ca-0dae-4027-a938-0cf88b11180c
4c91a251-5786-44f4-97e1-7aaecec82cf4;97001;Mitú;dd487dc6-658c-4473-84ac-cbb0f7336036
84a79f9e-5edf-47aa-9eef-3a6450e2f442;97161;Carurú;dd487dc6-658c-4473-84ac-cbb0f7336036
d9338171-09a1-4a25-a6a9-298f59e45ddb;97666;Taraira;dd487dc6-658c-4473-84ac-cbb0f7336036
6be43605-6767-489d-b8c6-64b8d4bb2e12;99001;Puerto Carreño;1f595cb0-5e69-4ac1-b48b-944e4bba57ec
204ec686-bdde-4a08-8f85-305fc6e880c4;99524;La Primavera;1f595cb0-5e69-4ac1-b48b-944e4bba57ec
96879b53-05da-4ccf-8982-4e7e899943af;99624;Santa Rosalía;1f595cb0-5e69-4ac1-b48b-944e4bba57ec
e6309cfc-2d9c-418b-bff3-cca5a7224391;99773;Cumaribo;1f595cb0-5e69-4ac1-b48b-944e4bba57ec
